processed_path,new_action
"processed_data\train\A1\A1.06.TDN-Sch_98_patch_1_0.jpg",KEEP
"processed_data\train\A1\A1.26.Tan-Din_31_patch_2_3.jpg",KEEP
"processed_data\train\A1\A1.13.Pas-Ins_133_patch_0_1.jpg",KEEP
"processed_data\train\B2\DSC03416_patch_2_2.jpg",KEEP
"processed_data\train\A1\A1.36.St-Paul_65_patch_3_4.jpg",KEEP
"processed_data\val\A1\A1.24.Indo-Ban_179_patch_1_1.jpg",KEEP
"processed_data\val\B1\B1.15.TB-Mar_33_patch_3_0.jpg",KEEP
"processed_data/train/B1/B1.04.UAH-Uni_344_patch_3_5.jpg",KEEP
"processed_data/train/A1/A1.31.Cul-Com_15_patch_2_4.jpg",KEEP
"processed_data\val\A1\A1.24.Indo-Ban_325_patch_1_4.jpg",KEEP
"processed_data\train\A1\A1.07.Hot-Con_17_patch_3_3.jpg",KEEP
"processed_data\val\B1\B1.03.Gen-Lib_86_patch_1_1.jpg",KEEP
"processed_data\train\B2\DSC03419_patch_3_2.jpg",KEEP
"processed_data\train\A1\A1.02.Peo-Cou_72_patch_2_0.jpg",KEEP
"processed_data/test/B2/DSC02112_patch_3_2.jpg",KEEP
"processed_data\val\B1\B1.03.Gen-Lib_12_patch_0_4.jpg",KEEP
"processed_data/train/A1/DSC02097_patch_2_2.jpg",KEEP
"processed_data\train\B1\B1.18.GD-Hos_56_patch_0_0.jpg",KEEP
"processed_data\train\B2\DSC03328_patch_3_3.jpg",KEEP
"processed_data\train\B2\B2.02.Ven-BTS_07_patch_3_4.jpg",KEEP
"processed_data\train\A1\A1.06.TDN-Sch_143_patch_1_1.jpg",KEEP
"processed_data\train\A1\A1.06.TDN-Sch_137_patch_3_2.jpg",KEEP
"processed_data\val\A1\A1.23.Tru-Vuo_88_patch_0_0.jpg",KEEP
"processed_data\train\A1\A1.36.St-Paul_32_patch_3_1.jpg",KEEP
"processed_data/test/B2/DSC08855_patch_0_0.jpg",KEEP
"processed_data/test/B2/DSC02240_patch_1_2.jpg",KEEP
"processed_data\train\A1\A1.13.Pas-Ins_47_patch_1_5.jpg",KEEP
"processed_data\train\A1\A1.01.Peo-com_03_patch_2_1.jpg",KEEP
"processed_data\train\B1\B1.29.VNPT-Bui_54_patch_2_2.jpg",KEEP
"processed_data\test\A2\A2.12.Uni-Edu_18_patch_3_1.jpg",KEEP
"processed_data\train\A1\A1.12.Chi-Hou_50_patch_3_5.jpg",KEEP
"processed_data\test\B2\DSC07458_patch_2_3.jpg",KEEP
"processed_data\train\B1\B1.24.Rex-Hot_04_patch_3_0.jpg",KEEP
"processed_data\train\A2\A2.09.Sai-Tra_22_patch_1_2.jpg",KEEP
"processed_data\val\A2\A2.10.Cit-Vie_25_patch_1_4.jpg",KEEP
"processed_data/train/A1/DSC02533_patch_1_1.jpg",KEEP
"processed_data\train\A1\A1.12.Chi-Hou_57_patch_3_4.jpg",KEEP
"processed_data\train\A1\A1.28.Cam-Mus_45_patch_3_0.jpg",KEEP
"processed_data\val\A1\A1.24.Indo-Ban_190_patch_2_3.jpg",KEEP
"processed_data\train\B1\DSC02285_patch_2_4.jpg",KEEP
"processed_data\train\A1\A1.26.Tan-Din_49_patch_2_3.jpg",KEEP
"processed_data\train\B2\DSC03213_patch_0_2.jpg",KEEP
"processed_data\train\A1\A1.26.Tan-Din_47_patch_0_4.jpg",KEEP
"processed_data/train/A2/A2.19.La-Vela_28_patch_2_2.jpg",KEEP
"processed_data\val\B1\B1.05.Uni-Med_101_patch_3_1.jpg",KEEP
"processed_data\train\B1\B1.29.VNPT-Bui_161_patch_3_2.jpg",KEEP
"processed_data\test\B2\DSC07458_patch_0_4.jpg",KEEP
"processed_data/train/B1/B1.04.UAH-Uni_101_patch_0_3.jpg",KEEP
"processed_data\train\A1\A1.25.Gra-Sai_33_patch_3_3.jpg",KEEP
"processed_data\train\B1\B1.29.VNPT-Bui_66_patch_1_5.jpg",KEEP
"processed_data/train/A2/A2.19.La-Vela_21_patch_2_4.jpg",KEEP
"processed_data/train/B1/B1.02.TDN-Sch_61_patch_1_2.jpg",KEEP
"processed_data\val\B1\B1.15.TB-Mar_37_patch_3_5.jpg",KEEP
"processed_data\val\A1\A1.24.Indo-Ban_192_patch_0_2.jpg",KEEP
"processed_data\val\A1\A1.23.Tru-Vuo_83_patch_1_5.jpg",KEEP
"processed_data\test\A2\A2.12.Uni-Edu_39_patch_3_5.jpg",KEEP
"processed_data\train\A1\A1.13.Pas-Ins_47_patch_1_3.jpg",KEEP
"processed_data\train\B1\B1.29.VNPT-Bui_151_patch_3_0.jpg",KEEP
"processed_data\train\A1\A1.36.St-Paul_39_patch_2_1.jpg",KEEP
"processed_data/test/A1/A1.08.MCH-Sch_11_patch_0_0.jpg",KEEP
"processed_data\train\A1\A1.02.Peo-Cou_65_patch_1_1.jpg",KEEP
"processed_data\train\B1\DSC00148_patch_3_3.jpg",KEEP
"processed_data\train\A1\A1.16.LHP-Sch_07_patch_0_4.jpg",KEEP
"processed_data\train\A1\A1.17.Sai-Uni_65_patch_3_0.jpg",KEEP
"processed_data\train\A1\A1.13.Pas-Ins_160_patch_3_1.jpg",KEEP
"processed_data\train\A1\A1.12.Chi-Hou_73_patch_2_1.jpg",KEEP
"processed_data\train\A1\A1.06.TDN-Sch_163_patch_1_0.jpg",KEEP
"processed_data/train/A1/A1.31.Cul-Com_06_patch_2_5.jpg",KEEP
"processed_data\test\B1\B1.19.Apar-Bui_42_patch_1_3.jpg",KEEP
"processed_data/train/B1/B1.12.SEA-Bui_35_patch_3_4.jpg",KEEP
"processed_data\train\B2\DSC08688_patch_1_1.jpg",KEEP
"processed_data\train\B1\B1.29.VNPT-Bui_28_patch_1_4.jpg",KEEP
"processed_data\train\A2\A2.25.Lux-Pal_13_patch_1_3.jpg",KEEP
"processed_data\train\A1\A1.12.Chi-Hou_135_patch_3_2.jpg",KEEP
"processed_data\train\A1\A1.42.BIDV-Bui_44_patch_2_3.jpg",KEEP
"processed_data\train\A1\A1.12.Chi-Hou_22_patch_1_2.jpg",KEEP
"processed_data\train\B2\DSC03171_patch_0_4.jpg",KEEP
"processed_data\train\B1\B1.29.VNPT-Bui_36_patch_2_2.jpg",KEEP
"processed_data\train\A1\A1.13.Pas-Ins_03_patch_1_2.jpg",KEEP
"processed_data\train\B1\DSC02255_patch_1_2.jpg",KEEP
"processed_data\train\A1\A1.06.TDN-Sch_121_patch_1_3.jpg",KEEP
"processed_data\train\A1\A1.14.Chi-Hos2_105_patch_1_3.jpg",KEEP
"processed_data\train\B2\DSC03172_patch_0_4.jpg",KEEP
"processed_data\test\B1\B1.19.Apar-Bui_23_patch_2_3.jpg",KEEP
"processed_data/train/A1/DSC02557_patch_3_0.jpg",KEEP
"processed_data\train\A1\A1.01.Peo-com_109_patch_3_3.jpg",KEEP
"processed_data\train\A1\A1.09.Eye-Hos_10_patch_0_4.jpg",KEEP
"processed_data/train/B2/B2.11.Mil-Zon7_56_patch_3_2.jpg",KEEP
"processed_data/train/B1/B1.04.UAH-Uni_171_patch_3_5.jpg",KEEP
"processed_data/train/B1/B1.08.HB-Scho_45_patch_1_2.jpg",KEEP
"processed_data\train\A1\A1.09.Eye-Hos_98_patch_2_0.jpg",KEEP
"processed_data\val\B1\B1.15.TB-Mar_19_patch_1_3.jpg",KEEP
"processed_data/train/B1/B1.04.UAH-Uni_343_patch_0_5.jpg",KEEP
"processed_data\train\A1\A1.06.TDN-Sch_08_patch_0_1.jpg",KEEP
"processed_data\test\A1\A1.40.Veg-Oil_31_patch_3_3.jpg",KEEP
"processed_data\train\B1\B1.29.VNPT-Bui_117_patch_2_1.jpg",KEEP
"processed_data/train/B1/B1.04.UAH-Uni_258_patch_1_5.jpg",KEEP
"processed_data\train\A1\A1.02.Peo-Cou_91_patch_0_2.jpg",KEEP
"processed_data\train\A1\A1.01.Peo-com_119_patch_2_2.jpg",KEEP
"processed_data\val\A1\A1.03.Ope-Hou_46_patch_2_3.jpg",KEEP
"processed_data\train\A2\A2.26.Sou-Mil_15_patch_1_0.jpg",KEEP
"processed_data/train/B1/B1.26.MEK-CPF_31_patch_3_5.jpg",KEEP
"processed_data\train\A1\A1.25.Gra-Sai_81_patch_0_2.jpg",KEEP
"processed_data\train\B1\B1.22.SA-Offi_35_patch_2_4.jpg",KEEP
"processed_data\test\B2\DSC07474_patch_3_2.jpg",KEEP
"processed_data/train/B1/B1.04.UAH-Uni_250_patch_1_5.jpg",KEEP
"processed_data/test/B2/DSC02182_patch_0_4.jpg",KEEP
"processed_data\train\A1\A1.33.Sou-Wom_76_patch_0_1.jpg",KEEP
"processed_data\train\A1\A1.36.St-Paul_09_patch_1_4.jpg",KEEP
"processed_data\test\B1\B1.19.Apar-Bui_34_patch_0_2.jpg",KEEP
"processed_data/test/B2/DSC02138_patch_0_5.jpg",KEEP
"processed_data\train\B1\B1.29.VNPT-Bui_03_patch_1_0.jpg",KEEP
"processed_data\val\A1\A1.03.Ope-Hou_167_patch_1_1.jpg",KEEP
"processed_data\val\A2\A2.24.Asi-ana_11_patch_0_4.jpg",KEEP
"processed_data/train/A2/DSC01966_patch_1_2.jpg",KEEP
"processed_data/train/A1/A1.31.Cul-Com_35_patch_1_3.jpg",KEEP
"processed_data/test/A1/A1.15.VTT-Sch_02_patch_0_5.jpg",KEEP
"processed_data\train\A1\A1.12.Chi-Hou_141_patch_3_0.jpg",KEEP
"processed_data\train\A1\A1.12.Chi-Hou_78_patch_2_2.jpg",KEEP
"processed_data\val\A1\A1.24.Indo-Ban_282_patch_3_2.jpg",KEEP
"processed_data/train/B1/B1.04.UAH-Uni_329_patch_1_0.jpg",KEEP
"processed_data\val\B1\B1.05.Uni-Med_158_patch_1_1.jpg",KEEP
"processed_data/train/B1/B1.26.MEK-CPF_43_patch_3_3.jpg",KEEP
"processed_data\train\A1\A1.27.Tu-Du_01_patch_2_3.jpg",KEEP
"processed_data\train\A1\A1.09.Eye-Hos_109_patch_2_2.jpg",KEEP
"processed_data/train/A2/A2.20.Metr-pol_06_patch_0_1.jpg",KEEP
"processed_data\train\A1\A1.17.Sai-Uni_75_patch_2_5.jpg",KEEP
"processed_data/train/A2/A2.14.LBM-Tow_16_patch_0_1.jpg",KEEP
"processed_data/train/B1/B1.04.UAH-Uni_180_patch_3_2.jpg",KEEP
"processed_data\train\B1\DSC02252_patch_2_0.jpg",KEEP
"processed_data\test\A1\A1.40.Veg-Oil_50_patch_2_0.jpg",KEEP
"processed_data\test\B1\B1.13.VOH-Rad_116_patch_1_4.jpg",KEEP
"processed_data\train\A2\A2.09.Sai-Tra_43_patch_1_1.jpg",KEEP
"processed_data\train\B2\DSC03328_patch_3_5.jpg",KEEP
"processed_data\val\A1\A1.23.Tru-Vuo_39_patch_3_2.jpg",KEEP
"processed_data/train/B1/B1.06.Geo-Mus_05_patch_0_0.jpg",KEEP
"processed_data\train\B2\DSC03495_patch_2_5.jpg",KEEP
"processed_data\train\A1\A1.28.Cam-Mus_19_patch_3_2.jpg",KEEP
"processed_data\val\A2\A2.04.Pub-Def_04_patch_0_0.jpg",KEEP
"processed_data\train\B1\B1.23.Offi-Gov_04_patch_1_3.jpg",KEEP
"processed_data/test/A1/A1.21.Rai-Bui_16_patch_0_1.jpg",KEEP
"processed_data/test/A1/A1.44.Nor-Pal_14_patch_1_0.jpg",KEEP
"processed_data\train\B1\DSC02245_patch_1_5.jpg",KEEP
"processed_data\train\B1\B1.07.Tho-Nha_182_patch_1_5.jpg",KEEP
"processed_data\val\A1\A1.24.Indo-Ban_169_patch_3_3.jpg",KEEP
"processed_data\train\A1\A1.34.Maj-Hot_09_patch_2_0.jpg",KEEP
"processed_data\val\A1\A1.11.LQD-Sch_49_patch_1_2.jpg",KEEP
"processed_data\test\B1\DSC02213_patch_3_0.jpg",KEEP
"processed_data\train\B1\DSC04799_patch_1_2.jpg",KEEP
"processed_data/test/B2/DSC02116_patch_3_4.jpg",KEEP
"processed_data\test\A2\A2.12.Uni-Edu_30_patch_3_1.jpg",KEEP
"processed_data\train\A1\A1.12.Chi-Hou_36_patch_0_4.jpg",KEEP
"processed_data\train\A1\A1.02.Peo-Cou_77_patch_0_5.jpg",KEEP
"processed_data\train\A1\A1.28.Cam-Mus_36_patch_2_1.jpg",KEEP
"processed_data\train\A1\A1.26.Tan-Din_43_patch_1_2.jpg",KEEP
"processed_data\train\B1\DSC04701_patch_3_0.jpg",KEEP
"processed_data/train/A2/A2.19.La-Vela_26_patch_0_5.jpg",KEEP
"processed_data\train\B1\DSC04984_patch_1_0.jpg",KEEP
"processed_data\val\B1\B1.05.Uni-Med_15_patch_2_4.jpg",KEEP
"processed_data\train\B1\B1.22.SA-Offi_05_patch_2_3.jpg",KEEP
"processed_data/train/B1/B1.08.HB-Scho_15_patch_0_2.jpg",KEEP
"processed_data\val\A1\A1.19.TuD-DiB_33_patch_2_4.jpg",KEEP
"processed_data\test\A1\A1.40.Veg-Oil_01_patch_1_3.jpg",KEEP
"processed_data\train\A1\A1.01.Peo-com_155_patch_1_1.jpg",KEEP
"processed_data\train\B1\DSC04702_patch_0_5.jpg",KEEP
"processed_data/train/B1/B1.04.UAH-Uni_77_patch_0_0.jpg",KEEP
"processed_data\train\A1\A1.28.Cam-Mus_34_patch_2_2.jpg",KEEP
"processed_data/test/B2/DSC02242_patch_1_4.jpg",KEEP
"processed_data\train\A1\A1.01.Peo-com_144_patch_3_1.jpg",KEEP
"processed_data\train\A1\A1.07.Hot-Con_34_patch_1_4.jpg",KEEP
"processed_data\val\B1\B1.03.Gen-Lib_26_patch_0_2.jpg",KEEP
"processed_data/test/B2/DSC08854_patch_1_3.jpg",KEEP
"processed_data\test\B1\B1.13.VOH-Rad_181_patch_1_4.jpg",KEEP
"processed_data\train\A1\A1.28.Cam-Mus_34_patch_0_1.jpg",KEEP
"processed_data\train\A1\A1.25.Gra-Sai_02_patch_2_4.jpg",KEEP
"processed_data\train\A1\A1.36.St-Paul_84_patch_2_4.jpg",KEEP
"processed_data\train\A1\A1.26.Tan-Din_35_patch_2_1.jpg",KEEP
"processed_data\train\B2\B2.12.SW-Mus_30_patch_0_4.jpg",KEEP
"processed_data/train/B1/B1.04.UAH-Uni_341_patch_3_1.jpg",KEEP
"processed_data\train\B1\DSC02231_patch_3_3.jpg",KEEP
"processed_data\train\B1\DSC04663_patch_1_1.jpg",KEEP
"processed_data/test/A1/A1.29.Lab-Cul_35_patch_0_3.jpg",KEEP
"processed_data\test\A1\A1.40.Veg-Oil_03_patch_0_4.jpg",KEEP
"processed_data\train\A1\A1.27.Tu-Du_07_patch_2_5.jpg",KEEP
"processed_data\val\B1\B1.05.Uni-Med_40_patch_2_5.jpg",KEEP
"processed_data/train/B1/B1.02.TDN-Sch_98_patch_0_0.jpg",KEEP
"processed_data\val\B1\B1.03.Gen-Lib_171_patch_3_5.jpg",KEEP
"processed_data\val\B1\B1.03.Gen-Lib_47_patch_2_2.jpg",KEEP
"processed_data\train\A1\A1.43.Sta-Tre_45_patch_2_4.jpg",KEEP
"processed_data/train/B1/B1.02.TDN-Sch_111_patch_2_4.jpg",KEEP
"processed_data\train\A1\A1.42.BIDV-Bui_16_patch_2_0.jpg",KEEP
"processed_data/test/A1/A1.15.VTT-Sch_07_patch_3_5.jpg",KEEP
"processed_data/train/B1/B1.04.UAH-Uni_354_patch_0_1.jpg",KEEP
"processed_data\train\B1\B1.22.SA-Offi_46_patch_3_1.jpg",KEEP
"processed_data\test\A2\A2.21.Cons-Mus_27_patch_1_0.jpg",KEEP
"processed_data\val\A1\A1.24.Indo-Ban_41_patch_3_1.jpg",KEEP
"processed_data\val\B1\B1.05.Uni-Med_141_patch_0_3.jpg",KEEP
"processed_data\train\A1\A1.17.Sai-Uni_20_patch_3_0.jpg",KEEP
"processed_data\train\A1\A1.12.Chi-Hou_145_patch_1_4.jpg",KEEP
"processed_data\train\B1\B1.07.Tho-Nha_79_patch_0_0.jpg",KEEP
"processed_data\train\B1\B1.29.VNPT-Bui_110_patch_1_2.jpg",KEEP
"processed_data/train/B1/B1.04.UAH-Uni_135_patch_1_4.jpg",KEEP
"processed_data\train\A2\A2.25.Lux-Pal_26_patch_3_4.jpg",KEEP
"processed_data/train/B1/B1.06.Geo-Mus_138_patch_0_2.jpg",KEEP
"processed_data\val\B2\DSC07110_patch_3_3.jpg",KEEP
"processed_data/train/A1/DSC02037_patch_1_2.jpg",KEEP
"processed_data/train/A2/A2.23.VCB-TSN_25_patch_1_4.jpg",KEEP
"processed_data\val\B1\B1.11.TNS-Cen_21_patch_0_1.jpg",KEEP
"processed_data\train\B1\B1.29.VNPT-Bui_86_patch_0_4.jpg",KEEP
"processed_data\val\A1\A1.24.Indo-Ban_44_patch_0_0.jpg",KEEP
"processed_data\train\A1\A1.28.Cam-Mus_02_patch_1_4.jpg",KEEP
"processed_data\train\A1\A1.13.Pas-Ins_56_patch_2_5.jpg",KEEP
"processed_data\test\A2\A2.17.Dia-Pla_43_patch_0_5.jpg",KEEP
"processed_data\val\A1\A1.24.Indo-Ban_360_patch_0_1.jpg",KEEP
"processed_data\test\B1\B1.27.HB-The_24_patch_0_4.jpg",KEEP
"processed_data\val\B1\B1.03.Gen-Lib_135_patch_3_5.jpg",KEEP
"processed_data\val\B1\B1.11.TNS-Cen_37_patch_0_3.jpg",KEEP
"processed_data\train\A1\A1.43.Sta-Tre_17_patch_1_2.jpg",KEEP
"processed_data\train\A1\A1.25.Gra-Sai_04_patch_2_2.jpg",KEEP
"processed_data\train\B2\B2.12.SW-Mus_29_patch_3_2.jpg",KEEP
"processed_data\train\A1\A1.09.Eye-Hos_22_patch_1_5.jpg",KEEP
"processed_data/train/B1/B1.04.UAH-Uni_189_patch_2_0.jpg",KEEP
"processed_data\test\B1\DSC02179_patch_0_5.jpg",KEEP
"processed_data\val\A1\A1.03.Ope-Hou_119_patch_1_2.jpg",KEEP
"processed_data\test\A2\A2.12.Uni-Edu_15_patch_0_2.jpg",KEEP
"processed_data\train\A1\A1.26.Tan-Din_31_patch_1_2.jpg",KEEP
"processed_data\train\A1\A1.25.Gra-Sai_64_patch_1_2.jpg",KEEP
"processed_data\test\B2\DSC07459_patch_2_3.jpg",KEEP
"processed_data\train\A1\A1.07.Hot-Con_38_patch_0_0.jpg",KEEP
"processed_data\train\A1\A1.09.Eye-Hos_111_patch_1_3.jpg",KEEP
"processed_data\train\B1\DSC04984_patch_2_5.jpg",KEEP
"processed_data\train\A1\A1.14.Chi-Hos2_148_patch_1_1.jpg",KEEP
"processed_data/train/A2/A2.19.La-Vela_19_patch_0_5.jpg",KEEP
"processed_data\train\B1\B1.29.VNPT-Bui_01_patch_3_3.jpg",KEEP
"processed_data\train\B2\B2.12.SW-Mus_06_patch_1_2.jpg",KEEP
"processed_data\train\B1\DSC04598_patch_0_3.jpg",KEEP
"processed_data/train/B1/B1.04.UAH-Uni_107_patch_2_3.jpg",KEEP
"processed_data\train\B1\B1.29.VNPT-Bui_12_patch_1_4.jpg",KEEP
"processed_data\train\B1\DSC05005_patch_0_3.jpg",KEEP
"processed_data/train/A1/A1.38.HBT-Sch_10_patch_0_2.jpg",KEEP
"processed_data\train\A1\A1.36.St-Paul_38_patch_1_2.jpg",KEEP
"processed_data\train\A1\A1.28.Cam-Mus_30_patch_2_2.jpg",KEEP
"processed_data\train\A1\A1.28.Cam-Mus_35_patch_2_4.jpg",KEEP
"processed_data/train/B1/B1.04.UAH-Uni_32_patch_1_3.jpg",KEEP
"processed_data\train\A1\A1.16.LHP-Sch_38_patch_1_5.jpg",KEEP
"processed_data\train\A1\A1.06.TDN-Sch_28_patch_0_3.jpg",KEEP
"processed_data\train\B1\DSC02281_patch_0_2.jpg",KEEP
"processed_data\train\B1\DSC02249_patch_0_0.jpg",KEEP
"processed_data/train/B1/B1.04.UAH-Uni_160_patch_0_3.jpg",KEEP
"processed_data/train/A2/A2.01.Uni-Squa_90_patch_0_2.jpg",KEEP
"processed_data\train\B1\DSC02242_patch_3_5.jpg",KEEP
"processed_data\val\A1\A1.19.TuD-DiB_21_patch_1_1.jpg",KEEP
"processed_data\train\B2\B2.05.SA-Offi_30_patch_2_3.jpg",KEEP
"processed_data\test\B2\DSC07450_patch_1_3.jpg",KEEP
"processed_data\train\A1\A1.36.St-Paul_78_patch_2_4.jpg",KEEP
"processed_data\train\A1\A1.06.TDN-Sch_21_patch_3_5.jpg",KEEP
"processed_data/train/A2/A2.01.Uni-Squa_121_patch_1_3.jpg",KEEP
"processed_data\val\A1\A1.03.Ope-Hou_13_patch_2_2.jpg",KEEP
"processed_data\train\A1\A1.12.Chi-Hou_34_patch_0_0.jpg",KEEP
"processed_data\train\A1\A1.01.Peo-com_119_patch_1_0.jpg",KEEP
"processed_data\train\A2\A2.05.Pub-Ser_24_patch_2_0.jpg",KEEP
"processed_data/train/B1/B1.14.VAR-Bui_60_patch_2_2.jpg",KEEP
"processed_data\train\A1\A1.13.Pas-Ins_83_patch_1_5.jpg",KEEP
"processed_data/test/B2/DSC02263_patch_0_2.jpg",KEEP
"processed_data\train\B1\B1.29.VNPT-Bui_84_patch_2_5.jpg",KEEP
"processed_data\train\A1\A1.06.TDN-Sch_113_patch_2_5.jpg",KEEP
"processed_data\test\B1\B1.13.VOH-Rad_71_patch_0_0.jpg",KEEP
"processed_data/train/A2/A2.01.Uni-Squa_116_patch_3_2.jpg",KEEP
"processed_data\train\B1\B1.22.SA-Offi_67_patch_3_4.jpg",KEEP
"processed_data\val\A1\A1.37.Uni-SSH_25_patch_0_5.jpg",KEEP
"processed_data\val\A1\A1.11.LQD-Sch_30_patch_2_3.jpg",KEEP
"processed_data\train\B1\B1.29.VNPT-Bui_82_patch_0_0.jpg",KEEP
"processed_data\train\A1\A1.06.TDN-Sch_113_patch_0_4.jpg",KEEP
"processed_data\train\A1\A1.41.Sto-Exc_02_patch_1_3.jpg",KEEP
"processed_data\test\B1\B1.13.VOH-Rad_58_patch_0_3.jpg",KEEP
"processed_data/test/B2/DSC02143_patch_1_5.jpg",KEEP
"processed_data\train\A1\A1.41.Sto-Exc_29_patch_1_0.jpg",KEEP
"processed_data\train\A1\A1.33.Sou-Wom_85_patch_0_3.jpg",KEEP
"processed_data\train\A1\A1.26.Tan-Din_92_patch_3_4.jpg",KEEP
"processed_data\val\B1\B1.05.Uni-Med_110_patch_0_1.jpg",KEEP
"processed_data\val\A1\A1.19.TuD-DiB_22_patch_2_2.jpg",KEEP
"processed_data\train\A1\A1.09.Eye-Hos_109_patch_1_2.jpg",KEEP
"processed_data\train\A1\A1.26.Tan-Din_03_patch_2_2.jpg",KEEP
"processed_data\train\A1\A1.30.Pol-Mas_01_patch_1_2.jpg",KEEP
"processed_data\val\B2\DSC07103_patch_2_5.jpg",KEEP
"processed_data\val\A1\A1.03.Ope-Hou_64_patch_2_5.jpg",KEEP
"processed_data/test/B2/DSC02258_patch_2_4.jpg",KEEP
"processed_data\val\A1\A1.24.Indo-Ban_120_patch_0_0.jpg",KEEP
"processed_data/train/A1/A1.38.HBT-Sch_04_patch_3_2.jpg",KEEP
"processed_data/train/B1/B1.04.UAH-Uni_178_patch_0_1.jpg",KEEP
"processed_data\train\A1\A1.13.Pas-Ins_104_patch_1_0.jpg",KEEP
"processed_data\train\A1\A1.17.Sai-Uni_07_patch_1_0.jpg",KEEP
"processed_data/train/B1/B1.26.MEK-CPF_34_patch_1_0.jpg",KEEP
"processed_data\train\B1\B1.29.VNPT-Bui_157_patch_1_1.jpg",KEEP
"processed_data\val\A1\A1.03.Ope-Hou_04_patch_0_3.jpg",KEEP
"processed_data\train\A2\A2.13.Kei-Uni_27_patch_2_4.jpg",KEEP
"processed_data/train/B1/B1.04.UAH-Uni_385_patch_3_1.jpg",KEEP
"processed_data\val\A1\A1.23.Tru-Vuo_90_patch_0_0.jpg",KEEP
"processed_data\val\A1\A1.39.Oil-Buid_54_patch_1_3.jpg",KEEP
"processed_data/train/B1/B1.04.UAH-Uni_120_patch_2_0.jpg",KEEP
"processed_data\train\A1\A1.01.Peo-com_09_patch_3_3.jpg",KEEP
"processed_data\test\B1\B1.13.VOH-Rad_63_patch_2_4.jpg",KEEP
"processed_data/train/A2/A2.01.Uni-Squa_44_patch_0_1.jpg",KEEP
"processed_data\train\B1\DSC02229_patch_3_3.jpg",KEEP
"processed_data/train/B1/B1.04.UAH-Uni_346_patch_1_4.jpg",KEEP
"processed_data\val\A1\A1.03.Ope-Hou_187_patch_1_0.jpg",KEEP
"processed_data\train\B1\DSC04692_patch_0_4.jpg",KEEP
"processed_data/train/A2/A2.19.La-Vela_19_patch_0_3.jpg",KEEP
"processed_data/train/B1/B1.08.HB-Scho_30_patch_2_1.jpg",KEEP
"processed_data\val\A1\A1.03.Ope-Hou_22_patch_2_2.jpg",KEEP
"processed_data\val\A1\A1.24.Indo-Ban_360_patch_3_1.jpg",KEEP
"processed_data\train\B2\DSC03155_patch_0_2.jpg",KEEP
"processed_data/train/B1/B1.04.UAH-Uni_72_patch_3_3.jpg",KEEP
"processed_data\train\A1\A1.09.Eye-Hos_112_patch_0_1.jpg",KEEP
"processed_data\val\A1\A1.24.Indo-Ban_12_patch_3_2.jpg",KEEP
"processed_data\train\B1\B1.07.Tho-Nha_162_patch_2_3.jpg",KEEP
"processed_data\train\A1\A1.27.Tu-Du_20_patch_1_0.jpg",KEEP
"processed_data/test/B2/DSC02246_patch_1_1.jpg",KEEP
"processed_data\train\B2\B2.02.Ven-BTS_09_patch_0_4.jpg",KEEP
"processed_data\train\A1\A1.12.Chi-Hou_54_patch_1_1.jpg",KEEP
"processed_data\train\A1\A1.02.Peo-Cou_69_patch_1_0.jpg",KEEP
"processed_data\train\A1\A1.12.Chi-Hou_76_patch_0_2.jpg",KEEP
"processed_data\train\A1\A1.25.Gra-Sai_27_patch_2_0.jpg",KEEP
"processed_data\train\A1\A1.06.TDN-Sch_46_patch_2_4.jpg",KEEP
"processed_data\train\A1\A1.27.Tu-Du_46_patch_0_2.jpg",KEEP
"processed_data/train/A2/A2.11.Sai-Uni_08_patch_3_3.jpg",KEEP
"processed_data\train\A1\A1.12.Chi-Hou_152_patch_0_5.jpg",KEEP
"processed_data/train/A2/A2.01.Uni-Squa_80_patch_1_5.jpg",KEEP
"processed_data\train\A1\A1.17.Sai-Uni_44_patch_2_2.jpg",KEEP
"processed_data\train\A1\A1.28.Cam-Mus_17_patch_2_3.jpg",KEEP
"processed_data\val\A1\A1.23.Tru-Vuo_98_patch_3_5.jpg",KEEP
"processed_data/train/A1/A1.31.Cul-Com_29_patch_2_0.jpg",KEEP
"processed_data/train/B2/B2.10.War-Mus_29_patch_0_2.jpg",KEEP
"processed_data/train/B2/B2.11.Mil-Zon7_18_patch_1_3.jpg",KEEP
"processed_data\val\A1\A1.24.Indo-Ban_333_patch_1_3.jpg",KEEP
"processed_data\val\A1\A1.23.Tru-Vuo_61_patch_3_0.jpg",KEEP
"processed_data\train\A1\A1.36.St-Paul_39_patch_2_2.jpg",KEEP
"processed_data\train\A1\A1.17.Sai-Uni_81_patch_1_3.jpg",KEEP
"processed_data\train\A1\A1.25.Gra-Sai_04_patch_0_1.jpg",KEEP
"processed_data/train/B2/B2.04.PSA-Bui_26_patch_0_2.jpg",KEEP
"processed_data\train\A1\A1.06.TDN-Sch_110_patch_2_5.jpg",KEEP
"processed_data\train\A1\A1.26.Tan-Din_80_patch_0_2.jpg",KEEP
"processed_data\val\B1\B1.05.Uni-Med_37_patch_2_4.jpg",KEEP
"processed_data\val\B1\B1.03.Gen-Lib_142_patch_2_2.jpg",KEEP
"processed_data\train\A1\A1.13.Pas-Ins_107_patch_1_3.jpg",KEEP
"processed_data\train\A1\A1.16.LHP-Sch_05_patch_0_3.jpg",KEEP
"processed_data\train\A1\A1.12.Chi-Hou_16_patch_3_0.jpg",KEEP
"processed_data/train/B1/B1.02.TDN-Sch_82_patch_3_3.jpg",KEEP
"processed_data/train/B1/B1.14.VAR-Bui_55_patch_1_1.jpg",KEEP
"processed_data/test/A1/A1.44.Nor-Pal_69_patch_0_0.jpg",KEEP
"processed_data/train/B1/B1.04.UAH-Uni_288_patch_2_2.jpg",KEEP
"processed_data\train\A1\A1.17.Sai-Uni_62_patch_2_3.jpg",KEEP
"processed_data/train/B2/B2.11.Mil-Zon7_75_patch_0_2.jpg",KEEP
"processed_data\train\A1\A1.13.Pas-Ins_05_patch_1_4.jpg",KEEP
"processed_data\test\A2\A2.12.Uni-Edu_21_patch_0_0.jpg",KEEP
"processed_data\val\A1\A1.03.Ope-Hou_254_patch_0_0.jpg",KEEP
"processed_data\train\B2\DSC03187_patch_0_1.jpg",KEEP
"processed_data\test\B2\DSC07553_patch_1_0.jpg",KEEP
"processed_data\train\B2\DSC03222_patch_1_3.jpg",KEEP
"processed_data\train\B2\DSC03376_patch_0_2.jpg",KEEP
"processed_data\train\A1\A1.01.Peo-com_175_patch_2_0.jpg",KEEP
"processed_data\test\A2\A2.12.Uni-Edu_10_patch_3_2.jpg",KEEP
"processed_data/train/A1/DSC02014_patch_1_1.jpg",KEEP
"processed_data\train\A1\A1.07.Hot-Con_21_patch_3_3.jpg",KEEP
"processed_data\val\A1\A1.03.Ope-Hou_140_patch_2_1.jpg",KEEP
"processed_data\train\A2\A2.16.Thai-Squ_28_patch_0_4.jpg",KEEP
"processed_data\train\A1\A1.42.BIDV-Bui_26_patch_3_4.jpg",KEEP
"processed_data\train\A1\A1.09.Eye-Hos_03_patch_3_4.jpg",KEEP
"processed_data\train\A1\A1.27.Tu-Du_46_patch_0_3.jpg",KEEP
"processed_data\train\A1\A1.06.TDN-Sch_50_patch_3_3.jpg",KEEP
"processed_data\val\B1\B1.15.TB-Mar_48_patch_2_5.jpg",KEEP
"processed_data\train\A1\A1.09.Eye-Hos_39_patch_2_4.jpg",KEEP
"processed_data\train\A1\A1.07.Hot-Con_13_patch_0_4.jpg",KEEP
"processed_data\train\A1\A1.06.TDN-Sch_145_patch_1_1.jpg",KEEP
"processed_data/train/B1/B1.02.TDN-Sch_81_patch_1_4.jpg",KEEP
"processed_data\train\A2\A2.09.Sai-Tra_54_patch_3_0.jpg",KEEP
"processed_data/train/B1/B1.04.UAH-Uni_40_patch_0_3.jpg",KEEP
"processed_data\train\A1\A1.26.Tan-Din_71_patch_3_2.jpg",KEEP
"processed_data/train/B1/B1.04.UAH-Uni_292_patch_3_2.jpg",KEEP
"processed_data/train/A2/DSC01959_patch_3_4.jpg",KEEP
"processed_data/train/A2/A2.22.Mai-Hou_14_patch_2_2.jpg",KEEP
"processed_data\train\A1\A1.41.Sto-Exc_23_patch_3_0.jpg",KEEP
"processed_data\train\A1\A1.36.St-Paul_83_patch_1_4.jpg",KEEP
"processed_data\val\A1\A1.03.Ope-Hou_97_patch_2_0.jpg",KEEP
"processed_data\train\A1\A1.25.Gra-Sai_92_patch_1_3.jpg",KEEP
"processed_data\test\B1\DSC02171_patch_0_2.jpg",KEEP
"processed_data\test\B1\B1.19.Apar-Bui_74_patch_0_5.jpg",KEEP
"processed_data\val\A2\A2.10.Cit-Vie_28_patch_1_4.jpg",KEEP
"processed_data\val\B1\B1.03.Gen-Lib_166_patch_3_0.jpg",KEEP
"processed_data/train/B1/B1.04.UAH-Uni_166_patch_3_0.jpg",KEEP
"processed_data\train\B1\B1.18.GD-Hos_56_patch_0_2.jpg",KEEP
"processed_data/train/B1/B1.04.UAH-Uni_246_patch_1_2.jpg",KEEP
"processed_data\test\B1\B1.27.HB-The_02_patch_2_5.jpg",KEEP
"processed_data\train\A1\A1.36.St-Paul_67_patch_1_1.jpg",KEEP
"processed_data\val\A1\A1.19.TuD-DiB_37_patch_0_1.jpg",KEEP
"processed_data\test\A2\A2.21.Cons-Mus_16_patch_2_1.jpg",KEEP
"processed_data/train/B1/B1.04.UAH-Uni_277_patch_3_2.jpg",KEEP
"processed_data/train/A2/A2.01.Uni-Squa_35_patch_1_0.jpg",KEEP
"processed_data/test/A1/A1.29.Lab-Cul_27_patch_3_2.jpg",KEEP
"processed_data/test/A1/A1.44.Nor-Pal_03_patch_0_0.jpg",KEEP
"processed_data\test\B2\B2.08.Tu-Du_42_patch_1_3.jpg",KEEP
"processed_data\val\A1\A1.03.Ope-Hou_73_patch_1_3.jpg",KEEP
"processed_data\train\A1\A1.36.St-Paul_52_patch_0_2.jpg",KEEP
"processed_data/train/B2/B2.11.Mil-Zon7_55_patch_2_4.jpg",KEEP
"processed_data\train\B1\B1.20.PSA-Bui_02_patch_1_4.jpg",KEEP
"processed_data/train/B1/B1.04.UAH-Uni_256_patch_1_4.jpg",KEEP
"processed_data\val\B1\B1.15.TB-Mar_66_patch_2_0.jpg",KEEP
"processed_data\train\B1\B1.29.VNPT-Bui_152_patch_3_1.jpg",KEEP
"processed_data/train/A2/A2.22.Mai-Hou_19_patch_2_1.jpg",KEEP
"processed_data\train\B2\B2.12.SW-Mus_12_patch_2_1.jpg",KEEP
"processed_data\test\A2\A2.21.Cons-Mus_35_patch_2_2.jpg",KEEP
"processed_data\train\A1\A1.14.Chi-Hos2_37_patch_1_2.jpg",KEEP
"processed_data/train/A2/A2.20.Metr-pol_05_patch_2_0.jpg",KEEP
"processed_data\val\A1\A1.03.Ope-Hou_01_patch_1_2.jpg",KEEP
"processed_data\val\A1\A1.24.Indo-Ban_84_patch_3_1.jpg",KEEP
"processed_data\train\A1\A1.06.TDN-Sch_41_patch_3_4.jpg",KEEP
"processed_data/train/B1/B1.06.Geo-Mus_30_patch_2_3.jpg",KEEP
"processed_data/train/A2/A2.01.Uni-Squa_75_patch_1_0.jpg",KEEP
"processed_data\train\A1\A1.25.Gra-Sai_02_patch_0_4.jpg",KEEP
"processed_data/test/B2/DSC02263_patch_2_4.jpg",KEEP
"processed_data\train\A1\A1.06.TDN-Sch_158_patch_0_2.jpg",KEEP
"processed_data\train\B2\DSC03353_patch_3_4.jpg",KEEP
"processed_data\val\A1\A1.24.Indo-Ban_20_patch_0_3.jpg",KEEP
"processed_data/train/A2/A2.19.La-Vela_01_patch_1_2.jpg",KEEP
"processed_data/train/A1/A1.31.Cul-Com_28_patch_0_4.jpg",KEEP
"processed_data\train\A1\A1.26.Tan-Din_29_patch_2_0.jpg",KEEP
"processed_data\train\B1\B1.22.SA-Offi_24_patch_1_2.jpg",KEEP
"processed_data/train/B1/B1.04.UAH-Uni_382_patch_1_1.jpg",KEEP
"processed_data\val\A2\A2.24.Asi-ana_25_patch_3_0.jpg",KEEP
"processed_data/train/B1/B1.12.SEA-Bui_24_patch_1_2.jpg",KEEP
"processed_data/train/B2/B2.09.Tha-Da_15_patch_3_1.jpg",KEEP
"processed_data\val\A1\A1.03.Ope-Hou_141_patch_0_2.jpg",KEEP
"processed_data\train\B2\DSC03176_patch_1_3.jpg",KEEP
"processed_data\test\A2\A2.12.Uni-Edu_17_patch_3_3.jpg",KEEP
"processed_data/train/B1/B1.04.UAH-Uni_170_patch_0_4.jpg",KEEP
"processed_data/train/B1/B1.14.VAR-Bui_49_patch_0_5.jpg",KEEP
"processed_data\val\A1\A1.23.Tru-Vuo_20_patch_1_0.jpg",KEEP
"processed_data\val\A1\A1.24.Indo-Ban_04_patch_0_2.jpg",KEEP
"processed_data/test/A1/A1.08.MCH-Sch_80_patch_0_5.jpg",KEEP
"processed_data\test\A1\A1.40.Veg-Oil_29_patch_1_0.jpg",KEEP
"processed_data/train/A1/DSC02521_patch_3_0.jpg",KEEP
"processed_data\train\B1\DSC04755_patch_0_5.jpg",KEEP
"processed_data\train\A1\A1.12.Chi-Hou_70_patch_2_2.jpg",KEEP
"processed_data\train\B1\DSC05004_patch_1_4.jpg",KEEP
"processed_data\train\A2\A2.13.Kei-Uni_10_patch_3_5.jpg",KEEP
"processed_data\train\A1\A1.42.BIDV-Bui_21_patch_0_4.jpg",KEEP
"processed_data\val\B1\B1.03.Gen-Lib_42_patch_3_2.jpg",KEEP
"processed_data\test\B1\B1.13.VOH-Rad_95_patch_2_4.jpg",KEEP
"processed_data\train\B1\DSC04698_patch_2_4.jpg",KEEP
"processed_data/train/B1/B1.26.MEK-CPF_49_patch_0_2.jpg",KEEP
"processed_data\train\A1\A1.12.Chi-Hou_148_patch_3_1.jpg",KEEP
"processed_data\train\A1\A1.01.Peo-com_169_patch_0_5.jpg",KEEP
"processed_data\test\B1\B1.19.Apar-Bui_28_patch_1_0.jpg",KEEP
"processed_data\val\A1\A1.03.Ope-Hou_206_patch_0_1.jpg",KEEP
"processed_data\train\A2\A2.25.Lux-Pal_06_patch_2_4.jpg",KEEP
"processed_data\val\B1\B1.15.TB-Mar_32_patch_1_2.jpg",KEEP
"processed_data/train/A2/A2.15.New-Wor_20_patch_3_0.jpg",KEEP
"processed_data\train\B1\B1.22.SA-Offi_29_patch_1_5.jpg",KEEP
"processed_data\train\A1\A1.30.Pol-Mas_14_patch_0_4.jpg",KEEP
"processed_data\train\A1\A1.18.TaD-Mar_39_patch_0_5.jpg",KEEP
"processed_data\train\A1\A1.13.Pas-Ins_92_patch_3_0.jpg",KEEP
"processed_data\val\A1\A1.23.Tru-Vuo_46_patch_1_4.jpg",KEEP
"processed_data\train\A1\A1.12.Chi-Hou_40_patch_2_0.jpg",KEEP
"processed_data\train\A1\A1.33.Sou-Wom_62_patch_1_2.jpg",KEEP
"processed_data\train\A1\A1.06.TDN-Sch_140_patch_2_0.jpg",KEEP
"processed_data\train\A1\A1.33.Sou-Wom_81_patch_0_4.jpg",KEEP
"processed_data\val\A1\A1.24.Indo-Ban_343_patch_2_2.jpg",KEEP
"processed_data\val\A1\A1.03.Ope-Hou_251_patch_2_3.jpg",KEEP
"processed_data\train\A1\A1.13.Pas-Ins_38_patch_3_4.jpg",KEEP
"processed_data\train\B1\DSC05003_patch_2_3.jpg",KEEP
"processed_data\train\A2\A2.06.VCB-Tow_33_patch_1_4.jpg",KEEP
"processed_data\test\A2\A2.12.Uni-Edu_02_patch_2_2.jpg",KEEP
"processed_data\train\A1\A1.43.Sta-Tre_43_patch_3_4.jpg",KEEP
"processed_data/train/B1/B1.02.TDN-Sch_114_patch_1_1.jpg",KEEP
"processed_data\val\A1\A1.24.Indo-Ban_335_patch_0_1.jpg",KEEP
"processed_data\val\B1\B1.03.Gen-Lib_75_patch_2_1.jpg",KEEP
"processed_data\train\B1\DSC00156_patch_2_0.jpg",KEEP
"processed_data/train/B2/B2.11.Mil-Zon7_01_patch_2_3.jpg",KEEP
"processed_data\val\A2\A2.04.Pub-Def_14_patch_0_0.jpg",KEEP
"processed_data\train\A1\A1.12.Chi-Hou_51_patch_2_1.jpg",KEEP
"processed_data\val\B1\B1.05.Uni-Med_48_patch_2_2.jpg",KEEP
"processed_data/train/B1/B1.04.UAH-Uni_128_patch_0_2.jpg",KEEP
"processed_data\train\A1\A1.02.Peo-Cou_58_patch_1_5.jpg",KEEP
"processed_data/train/B1/B1.04.UAH-Uni_337_patch_3_1.jpg",KEEP
"processed_data/train/B1/B1.02.TDN-Sch_109_patch_3_0.jpg",KEEP
"processed_data\train\A1\A1.04.HCM-Mus_96_patch_0_1.jpg",KEEP
"processed_data/train/A2/A2.15.New-Wor_50_patch_0_4.jpg",KEEP
"processed_data\train\B2\DSC03294_patch_3_1.jpg",KEEP
"processed_data\train\A1\A1.14.Chi-Hos2_152_patch_2_5.jpg",KEEP
"processed_data/train/A1/DSC02013_patch_0_5.jpg",KEEP
"processed_data\train\A2\A2.13.Kei-Uni_21_patch_1_4.jpg",KEEP
"processed_data\train\B1\B1.29.VNPT-Bui_142_patch_2_3.jpg",KEEP
"processed_data\train\B2\DSC03470_patch_2_3.jpg",KEEP
"processed_data\train\A1\A1.01.Peo-com_118_patch_0_3.jpg",KEEP
"processed_data/train/B1/B1.04.UAH-Uni_256_patch_2_1.jpg",KEEP
"processed_data\train\A1\A1.07.Hot-Con_17_patch_0_3.jpg",KEEP
"processed_data\test\B1\B1.27.HB-The_10_patch_1_3.jpg",KEEP
"processed_data\train\A2\A2.09.Sai-Tra_20_patch_2_0.jpg",KEEP
"processed_data\train\A1\A1.42.BIDV-Bui_11_patch_0_2.jpg",KEEP
"processed_data\train\A2\A2.07.Mel-Poi_06_patch_2_3.jpg",KEEP
"processed_data\val\B1\B1.05.Uni-Med_115_patch_0_2.jpg",KEEP
"processed_data\val\A1\A1.24.Indo-Ban_360_patch_0_5.jpg",KEEP
"processed_data\train\B1\B1.29.VNPT-Bui_137_patch_1_4.jpg",KEEP
"processed_data\val\B1\B1.03.Gen-Lib_182_patch_0_0.jpg",KEEP
"processed_data\train\A1\A1.41.Sto-Exc_10_patch_2_4.jpg",KEEP
"processed_data\train\A1\A1.14.Chi-Hos2_21_patch_1_0.jpg",KEEP
"processed_data\train\A1\A1.12.Chi-Hou_42_patch_3_0.jpg",KEEP
"processed_data\train\B2\B2.05.SA-Offi_41_patch_3_5.jpg",KEEP
"processed_data/train/A2/A2.22.Mai-Hou_14_patch_0_1.jpg",KEEP
"processed_data\val\A1\A1.03.Ope-Hou_150_patch_1_4.jpg",KEEP
"processed_data\train\A1\A1.26.Tan-Din_09_patch_2_4.jpg",KEEP
"processed_data\train\B2\DSC03481_patch_1_0.jpg",KEEP
"processed_data\train\B1\B1.22.SA-Offi_52_patch_2_4.jpg",KEEP
"processed_data\train\B2\DSC03401_patch_0_5.jpg",KEEP
"processed_data\train\A1\A1.12.Chi-Hou_124_patch_2_0.jpg",KEEP
"processed_data/test/A1/A1.21.Rai-Bui_34_patch_0_3.jpg",KEEP
"processed_data\val\A1\A1.19.TuD-DiB_05_patch_2_3.jpg",KEEP
"processed_data\test\B1\B1.19.Apar-Bui_09_patch_3_3.jpg",KEEP
"processed_data/test/A1/A1.08.MCH-Sch_75_patch_2_4.jpg",KEEP
"processed_data\val\B1\B1.05.Uni-Med_58_patch_3_2.jpg",KEEP
"processed_data\train\A1\A1.02.Peo-Cou_36_patch_2_1.jpg",KEEP
"processed_data\train\A1\A1.09.Eye-Hos_44_patch_0_5.jpg",KEEP
"processed_data\train\A1\A1.26.Tan-Din_19_patch_1_2.jpg",KEEP
"processed_data\train\B1\B1.29.VNPT-Bui_160_patch_2_2.jpg",KEEP
"processed_data\train\B1\B1.29.VNPT-Bui_12_patch_1_2.jpg",KEEP
"processed_data\train\A1\A1.06.TDN-Sch_76_patch_0_1.jpg",KEEP
"processed_data\val\A1\A1.24.Indo-Ban_09_patch_2_5.jpg",KEEP
"processed_data\val\B1\B1.03.Gen-Lib_100_patch_3_3.jpg",KEEP
"processed_data\test\B2\DSC07513_patch_0_0.jpg",KEEP
"processed_data/train/B1/B1.04.UAH-Uni_51_patch_1_0.jpg",KEEP
"processed_data/train/A1/A1.38.HBT-Sch_03_patch_0_4.jpg",KEEP
"processed_data\train\A1\A1.14.Chi-Hos2_74_patch_0_0.jpg",KEEP
"processed_data\val\A1\A1.11.LQD-Sch_43_patch_1_2.jpg",KEEP
"processed_data\val\A1\A1.19.TuD-DiB_47_patch_1_4.jpg",KEEP
"processed_data\test\B2\DSC07536_patch_0_0.jpg",KEEP
"processed_data\train\B2\B2.12.SW-Mus_26_patch_1_4.jpg",KEEP
"processed_data\train\B2\B2.12.SW-Mus_16_patch_0_2.jpg",KEEP
"processed_data\test\B2\DSC07449_patch_0_2.jpg",KEEP
"processed_data\val\A1\A1.03.Ope-Hou_253_patch_1_1.jpg",KEEP
"processed_data/train/A2/A2.01.Uni-Squa_17_patch_0_1.jpg",KEEP
"processed_data\train\A1\A1.09.Eye-Hos_19_patch_3_4.jpg",KEEP
"processed_data\train\A1\A1.06.TDN-Sch_68_patch_3_0.jpg",KEEP
"processed_data\train\A1\A1.02.Peo-Cou_103_patch_1_2.jpg",KEEP
"processed_data\train\A1\A1.43.Sta-Tre_51_patch_1_3.jpg",KEEP
"processed_data\train\A1\A1.06.TDN-Sch_164_patch_0_1.jpg",KEEP
"processed_data\train\B1\B1.22.SA-Offi_29_patch_0_2.jpg",KEEP
"processed_data\train\A1\A1.09.Eye-Hos_63_patch_1_3.jpg",KEEP
"processed_data/train/B2/B2.11.Mil-Zon7_55_patch_1_3.jpg",KEEP
"processed_data\val\A1\A1.23.Tru-Vuo_88_patch_2_5.jpg",KEEP
"processed_data\train\A2\A2.09.Sai-Tra_57_patch_3_0.jpg",KEEP
"processed_data\train\A1\A1.01.Peo-com_94_patch_0_3.jpg",KEEP
"processed_data\train\A1\A1.12.Chi-Hou_04_patch_0_0.jpg",KEEP
"processed_data\train\A1\A1.06.TDN-Sch_40_patch_1_5.jpg",KEEP
"processed_data\train\B2\DSC03416_patch_2_5.jpg",KEEP
"processed_data\train\A1\A1.13.Pas-Ins_87_patch_1_2.jpg",KEEP
"processed_data\test\A2\A2.21.Cons-Mus_51_patch_0_0.jpg",KEEP
"processed_data\train\A1\A1.04.HCM-Mus_45_patch_0_1.jpg",KEEP
"processed_data\train\B2\DSC03422_patch_3_4.jpg",KEEP
"processed_data/test/B2/DSC02290_patch_0_4.jpg",KEEP
"processed_data\test\A1\A1.40.Veg-Oil_57_patch_2_2.jpg",KEEP
"processed_data\train\A1\A1.16.LHP-Sch_26_patch_2_5.jpg",KEEP
"processed_data\val\A1\A1.24.Indo-Ban_330_patch_2_5.jpg",KEEP
"processed_data\val\B2\DSC07131_patch_3_4.jpg",KEEP
"processed_data\train\A1\A1.26.Tan-Din_16_patch_1_5.jpg",KEEP
"processed_data\train\A1\A1.09.Eye-Hos_94_patch_2_2.jpg",KEEP
"processed_data\val\B2\DSC07123_patch_0_3.jpg",KEEP
"processed_data\train\B2\B2.12.SW-Mus_26_patch_0_0.jpg",KEEP
"processed_data\test\B2\DSC07552_patch_0_4.jpg",KEEP
"processed_data/train/B2/B2.10.War-Mus_07_patch_2_1.jpg",KEEP
"processed_data\val\B1\B1.15.TB-Mar_28_patch_2_5.jpg",KEEP
"processed_data/train/A2/A2.14.LBM-Tow_04_patch_0_5.jpg",KEEP
"processed_data\val\A1\A1.03.Ope-Hou_210_patch_1_2.jpg",KEEP
"processed_data\train\A1\A1.43.Sta-Tre_07_patch_2_3.jpg",KEEP
"processed_data\train\A1\A1.09.Eye-Hos_84_patch_0_1.jpg",KEEP
"processed_data\train\A2\A2.06.VCB-Tow_36_patch_2_3.jpg",KEEP
"processed_data/train/A2/A2.20.Metr-pol_05_patch_1_2.jpg",KEEP
"processed_data/train/B1/B1.06.Geo-Mus_12_patch_2_1.jpg",KEEP
"processed_data/test/A1/A1.08.MCH-Sch_31_patch_2_5.jpg",KEEP
"processed_data\val\B1\B1.05.Uni-Med_47_patch_1_1.jpg",KEEP
"processed_data\train\A1\A1.09.Eye-Hos_65_patch_2_3.jpg",KEEP
"processed_data\val\A1\A1.23.Tru-Vuo_35_patch_3_4.jpg",KEEP
"processed_data\test\A2\A2.21.Cons-Mus_54_patch_2_3.jpg",KEEP
"processed_data\val\B1\B1.05.Uni-Med_14_patch_3_3.jpg",KEEP
"processed_data\train\A2\A2.16.Thai-Squ_28_patch_2_5.jpg",KEEP
"processed_data\train\A1\A1.07.Hot-Con_35_patch_2_4.jpg",KEEP
"processed_data\train\A1\A1.30.Pol-Mas_06_patch_0_4.jpg",KEEP
"processed_data\train\A1\A1.13.Pas-Ins_59_patch_2_3.jpg",KEEP
"processed_data\train\A1\A1.42.BIDV-Bui_38_patch_0_3.jpg",KEEP
"processed_data/train/B1/B1.02.TDN-Sch_52_patch_3_2.jpg",KEEP
"processed_data\train\B2\DSC03311_patch_1_1.jpg",KEEP
"processed_data\val\A1\A1.23.Tru-Vuo_58_patch_0_2.jpg",KEEP
"processed_data\train\A1\A1.05.Mus-His_59_patch_2_3.jpg",KEEP
"processed_data\train\B2\B2.12.SW-Mus_12_patch_0_2.jpg",KEEP
"processed_data\train\B1\DSC02273_patch_1_2.jpg",KEEP
"processed_data/test/B2/DSC02268_patch_3_0.jpg",KEEP
"processed_data\train\A1\A1.16.LHP-Sch_40_patch_1_4.jpg",KEEP
"processed_data\train\B2\DSC03459_patch_0_2.jpg",KEEP
"processed_data\val\A1\A1.03.Ope-Hou_205_patch_3_4.jpg",KEEP
"processed_data\test\B2\DSC07571_patch_1_3.jpg",KEEP
"processed_data/train/A2/A2.19.La-Vela_10_patch_0_1.jpg",KEEP
"processed_data\train\A1\A1.26.Tan-Din_41_patch_1_2.jpg",KEEP
"processed_data\val\B1\B1.03.Gen-Lib_99_patch_1_2.jpg",KEEP
"processed_data\val\B1\B1.03.Gen-Lib_171_patch_3_3.jpg",KEEP
"processed_data\train\A1\A1.01.Peo-com_76_patch_0_1.jpg",KEEP
"processed_data\train\A1\A1.12.Chi-Hou_165_patch_0_4.jpg",KEEP
"processed_data/train/B1/B1.02.TDN-Sch_40_patch_2_3.jpg",KEEP
"processed_data\val\B1\B1.15.TB-Mar_31_patch_1_0.jpg",KEEP
"processed_data\test\A2\A2.12.Uni-Edu_22_patch_3_5.jpg",KEEP
"processed_data\train\A1\A1.26.Tan-Din_135_patch_3_1.jpg",KEEP
"processed_data\val\A1\A1.03.Ope-Hou_166_patch_2_0.jpg",KEEP
"processed_data\test\A2\A2.21.Cons-Mus_30_patch_2_3.jpg",KEEP
"processed_data\train\A2\A2.26.Sou-Mil_30_patch_3_5.jpg",KEEP
"processed_data\train\A1\A1.16.LHP-Sch_46_patch_2_4.jpg",KEEP
"processed_data/train/B1/B1.04.UAH-Uni_410_patch_0_0.jpg",KEEP
"processed_data/test/A1/A1.15.VTT-Sch_37_patch_3_0.jpg",KEEP
"processed_data\train\B1\DSC02279_patch_2_1.jpg",KEEP
"processed_data\train\A1\A1.17.Sai-Uni_82_patch_3_1.jpg",KEEP
"processed_data\test\A2\A2.12.Uni-Edu_46_patch_0_4.jpg",KEEP
"processed_data\val\B1\B1.05.Uni-Med_75_patch_0_0.jpg",KEEP
"processed_data\train\A1\A1.02.Peo-Cou_75_patch_1_0.jpg",KEEP
"processed_data/train/A2/A2.14.LBM-Tow_10_patch_2_3.jpg",KEEP
"processed_data\train\A1\A1.26.Tan-Din_119_patch_0_1.jpg",KEEP
"processed_data\train\A1\A1.36.St-Paul_31_patch_2_4.jpg",KEEP
"processed_data\val\A1\A1.11.LQD-Sch_34_patch_0_5.jpg",KEEP
"processed_data\train\A1\A1.12.Chi-Hou_110_patch_0_2.jpg",KEEP
"processed_data\test\B1\B1.19.Apar-Bui_24_patch_0_4.jpg",KEEP
"processed_data/test/A1/A1.08.MCH-Sch_61_patch_1_1.jpg",KEEP
"processed_data\train\A1\A1.09.Eye-Hos_65_patch_0_1.jpg",KEEP
"processed_data\val\A1\A1.03.Ope-Hou_85_patch_2_2.jpg",KEEP
"processed_data\test\B2\B2.08.Tu-Du_37_patch_2_4.jpg",KEEP
"processed_data\test\A2\A2.21.Cons-Mus_31_patch_1_4.jpg",KEEP
"processed_data/train/A2/DSC01977_patch_1_5.jpg",KEEP
"processed_data\train\A1\A1.33.Sou-Wom_28_patch_0_4.jpg",KEEP
"processed_data\train\B2\DSC03372_patch_3_2.jpg",KEEP
"processed_data\val\A1\A1.24.Indo-Ban_338_patch_3_5.jpg",KEEP
"processed_data\test\B2\B2.01.Sai-Cen_93_patch_2_2.jpg",KEEP
"processed_data/train/A1/A1.38.HBT-Sch_12_patch_0_1.jpg",KEEP
"processed_data\train\A1\A1.17.Sai-Uni_46_patch_2_2.jpg",KEEP
"processed_data\train\B1\B1.18.GD-Hos_37_patch_2_2.jpg",KEEP
"processed_data\val\B1\B1.03.Gen-Lib_184_patch_2_2.jpg",KEEP
"processed_data/train/B2/B2.11.Mil-Zon7_52_patch_2_2.jpg",KEEP
"processed_data\train\B2\B2.12.SW-Mus_22_patch_3_0.jpg",KEEP
"processed_data/test/A1/A1.08.MCH-Sch_30_patch_1_4.jpg",KEEP
"processed_data\train\B1\B1.22.SA-Offi_91_patch_1_0.jpg",KEEP
"processed_data\train\A1\A1.27.Tu-Du_09_patch_0_0.jpg",KEEP
"processed_data/test/B2/DSC08878_patch_2_4.jpg",KEEP
"processed_data\train\A2\A2.05.Pub-Ser_11_patch_3_5.jpg",KEEP
"processed_data\val\B1\B1.03.Gen-Lib_07_patch_0_2.jpg",KEEP
"processed_data\train\B2\DSC03453_patch_0_4.jpg",KEEP
"processed_data\train\A1\A1.26.Tan-Din_36_patch_0_5.jpg",KEEP
"processed_data/train/B1/B1.08.HB-Scho_46_patch_3_4.jpg",KEEP
"processed_data/test/A1/A1.21.Rai-Bui_45_patch_2_3.jpg",KEEP
"processed_data\train\B2\DSC03421_patch_2_3.jpg",KEEP
"processed_data/train/A2/DSC01968_patch_1_4.jpg",KEEP
"processed_data\train\A1\A1.02.Peo-Cou_15_patch_3_4.jpg",KEEP
"processed_data/train/B1/B1.02.TDN-Sch_50_patch_1_0.jpg",KEEP
"processed_data\train\B1\B1.29.VNPT-Bui_13_patch_0_1.jpg",KEEP
"processed_data/train/B1/B1.04.UAH-Uni_15_patch_1_1.jpg",KEEP
"processed_data/train/B1/B1.04.UAH-Uni_207_patch_3_1.jpg",KEEP
"processed_data\train\B2\DSC03459_patch_1_3.jpg",KEEP
"processed_data/train/A1/DSC02013_patch_3_0.jpg",KEEP
"processed_data\train\A1\A1.09.Eye-Hos_49_patch_2_5.jpg",KEEP
"processed_data\train\A1\A1.36.St-Paul_36_patch_2_4.jpg",KEEP
"processed_data/train/A2/A2.20.Metr-pol_35_patch_2_1.jpg",KEEP
"processed_data/train/B2/B2.09.Tha-Da_11_patch_3_4.jpg",KEEP
"processed_data\train\B2\DSC03291_patch_1_1.jpg",KEEP
"processed_data\val\B1\B1.03.Gen-Lib_130_patch_0_4.jpg",KEEP
"processed_data\train\A1\A1.01.Peo-com_115_patch_2_1.jpg",KEEP
"processed_data\train\A1\A1.09.Eye-Hos_11_patch_0_0.jpg",KEEP
"processed_data\train\B2\DSC08680_patch_3_3.jpg",KEEP
"processed_data/train/B1/B1.02.TDN-Sch_91_patch_3_4.jpg",KEEP
"processed_data\val\B1\B1.05.Uni-Med_50_patch_1_5.jpg",KEEP
"processed_data\train\A1\A1.41.Sto-Exc_11_patch_2_4.jpg",KEEP
"processed_data\train\A1\A1.09.Eye-Hos_75_patch_3_0.jpg",KEEP
"processed_data\train\A1\A1.01.Peo-com_34_patch_1_2.jpg",KEEP
"processed_data\train\A2\A2.06.VCB-Tow_24_patch_2_4.jpg",KEEP
"processed_data\train\A2\A2.16.Thai-Squ_22_patch_0_5.jpg",KEEP
"processed_data\train\A1\A1.17.Sai-Uni_27_patch_1_1.jpg",KEEP
"processed_data\train\A2\A2.26.Sou-Mil_26_patch_2_1.jpg",KEEP
"processed_data\val\B1\B1.03.Gen-Lib_70_patch_2_1.jpg",KEEP
"processed_data\test\A2\A2.21.Cons-Mus_48_patch_0_1.jpg",KEEP
"processed_data\test\B1\DSC02184_patch_1_5.jpg",KEEP
"processed_data\val\A1\A1.03.Ope-Hou_171_patch_0_0.jpg",KEEP
"processed_data\val\B1\B1.05.Uni-Med_26_patch_0_0.jpg",KEEP
"processed_data\train\A1\A1.12.Chi-Hou_11_patch_1_0.jpg",KEEP
"processed_data\train\B1\B1.29.VNPT-Bui_116_patch_2_5.jpg",KEEP
"processed_data\train\A1\A1.14.Chi-Hos2_91_patch_0_0.jpg",KEEP
"processed_data\test\B1\DSC02218_patch_3_2.jpg",KEEP
"processed_data\train\B1\DSC02227_patch_0_4.jpg",KEEP
"processed_data\train\B1\DSC02285_patch_0_4.jpg",KEEP
"processed_data\train\B1\B1.29.VNPT-Bui_51_patch_2_1.jpg",KEEP
"processed_data/test/B2/DSC08845_patch_3_0.jpg",KEEP
"processed_data\val\A1\A1.24.Indo-Ban_40_patch_2_5.jpg",KEEP
"processed_data\val\A1\A1.19.TuD-DiB_37_patch_1_2.jpg",KEEP
"processed_data\train\A1\A1.12.Chi-Hou_165_patch_0_5.jpg",KEEP
"processed_data\train\A1\A1.33.Sou-Wom_52_patch_1_4.jpg",KEEP
"processed_data\train\A2\A2.06.VCB-Tow_25_patch_2_1.jpg",KEEP
"processed_data/test/A1/A1.21.Rai-Bui_03_patch_3_3.jpg",KEEP
"processed_data\train\B1\B1.07.Tho-Nha_134_patch_1_3.jpg",KEEP
"processed_data\train\A1\A1.28.Cam-Mus_53_patch_0_1.jpg",KEEP
"processed_data/train/A1/DSC02079_patch_2_1.jpg",KEEP
"processed_data\val\A1\A1.03.Ope-Hou_218_patch_3_2.jpg",KEEP
"processed_data\test\A2\A2.21.Cons-Mus_43_patch_1_4.jpg",KEEP
"processed_data\train\A1\A1.43.Sta-Tre_41_patch_2_0.jpg",KEEP
"processed_data/train/B2/B2.11.Mil-Zon7_23_patch_0_3.jpg",KEEP
"processed_data/train/A1/DSC02084_patch_1_3.jpg",KEEP
"processed_data\train\A1\A1.16.LHP-Sch_71_patch_0_5.jpg",KEEP
"processed_data\val\A1\A1.19.TuD-DiB_35_patch_2_5.jpg",KEEP
"processed_data/train/B1/B1.09.TD-Hos_07_patch_1_0.jpg",KEEP
"processed_data\train\B1\DSC04608_patch_0_4.jpg",KEEP
"processed_data\train\B2\B2.02.Ven-BTS_12_patch_1_5.jpg",KEEP
"processed_data\val\B1\B1.05.Uni-Med_116_patch_2_5.jpg",KEEP
"processed_data\train\A2\A2.13.Kei-Uni_12_patch_3_4.jpg",KEEP
"processed_data\train\A1\A1.26.Tan-Din_05_patch_0_5.jpg",KEEP
"processed_data/train/A2/A2.22.Mai-Hou_04_patch_0_2.jpg",KEEP
"processed_data\train\A1\A1.13.Pas-Ins_63_patch_3_3.jpg",KEEP
"processed_data\train\A1\A1.41.Sto-Exc_21_patch_0_3.jpg",KEEP
"processed_data\train\A1\A1.13.Pas-Ins_106_patch_1_0.jpg",KEEP
"processed_data\val\A1\A1.11.LQD-Sch_02_patch_1_2.jpg",KEEP
"processed_data\train\A1\A1.06.TDN-Sch_160_patch_3_3.jpg",KEEP
"processed_data/train/B1/B1.04.UAH-Uni_349_patch_0_0.jpg",KEEP
"processed_data/train/B2/B2.09.Tha-Da_45_patch_2_3.jpg",KEEP
"processed_data\train\A1\A1.09.Eye-Hos_14_patch_1_2.jpg",KEEP
"processed_data\val\B1\B1.03.Gen-Lib_156_patch_3_3.jpg",KEEP
"processed_data/train/B1/B1.04.UAH-Uni_367_patch_2_0.jpg",KEEP
"processed_data/train/B2/B2.09.Tha-Da_34_patch_2_2.jpg",KEEP
"processed_data/train/A1/DSC02073_patch_3_2.jpg",KEEP
"processed_data\test\A1\A1.40.Veg-Oil_16_patch_1_4.jpg",KEEP
"processed_data/train/B2/B2.11.Mil-Zon7_72_patch_1_4.jpg",KEEP
"processed_data/train/B1/B1.04.UAH-Uni_292_patch_0_5.jpg",KEEP
"processed_data\train\A1\A1.09.Eye-Hos_10_patch_0_5.jpg",KEEP
"processed_data\train\A1\A1.13.Pas-Ins_106_patch_0_1.jpg",KEEP
"processed_data\train\A1\A1.26.Tan-Din_158_patch_3_4.jpg",KEEP
"processed_data\test\A2\A2.12.Uni-Edu_31_patch_3_3.jpg",KEEP
"processed_data\train\B2\DSC03211_patch_0_3.jpg",KEEP
"processed_data/train/B2/B2.09.Tha-Da_30_patch_2_4.jpg",KEEP
"processed_data\test\B1\B1.27.HB-The_05_patch_1_2.jpg",KEEP
"processed_data\train\A1\A1.12.Chi-Hou_24_patch_3_2.jpg",KEEP
"processed_data\test\B1\B1.13.VOH-Rad_15_patch_2_4.jpg",KEEP
"processed_data/train/B1/B1.04.UAH-Uni_318_patch_3_1.jpg",KEEP
"processed_data\test\B2\DSC07561_patch_0_4.jpg",KEEP
"processed_data\val\A1\A1.23.Tru-Vuo_57_patch_0_1.jpg",KEEP
"processed_data/train/A1/DSC02021_patch_1_3.jpg",KEEP
"processed_data\train\B1\B1.20.PSA-Bui_14_patch_2_0.jpg",KEEP
"processed_data/train/B1/B1.26.MEK-CPF_37_patch_3_2.jpg",KEEP
"processed_data/train/B2/B2.09.Tha-Da_49_patch_1_3.jpg",KEEP
"processed_data\train\B1\B1.20.PSA-Bui_12_patch_1_0.jpg",KEEP
"processed_data\val\B2\DSC08413_patch_3_3.jpg",KEEP
"processed_data\train\B1\B1.20.PSA-Bui_03_patch_0_3.jpg",KEEP
"processed_data/test/B2/DSC02262_patch_1_3.jpg",KEEP
"processed_data\test\B2\B2.08.Tu-Du_14_patch_3_5.jpg",KEEP
"processed_data\train\A1\A1.26.Tan-Din_82_patch_0_4.jpg",KEEP
"processed_data\train\A1\A1.07.Hot-Con_09_patch_3_0.jpg",KEEP
"processed_data\train\A1\A1.06.TDN-Sch_74_patch_2_3.jpg",KEEP
"processed_data/train/A1/DSC02095_patch_2_2.jpg",KEEP
"processed_data\train\B1\B1.23.Offi-Gov_18_patch_0_3.jpg",KEEP
"processed_data\train\A1\A1.12.Chi-Hou_62_patch_1_4.jpg",KEEP
"processed_data\train\B1\DSC04799_patch_3_1.jpg",KEEP
"processed_data\train\A2\A2.26.Sou-Mil_31_patch_0_2.jpg",KEEP
"processed_data\val\B1\B1.05.Uni-Med_112_patch_1_5.jpg",KEEP
"processed_data/train/A1/DSC02511_patch_1_2.jpg",KEEP
"processed_data/train/B1/B1.04.UAH-Uni_334_patch_1_3.jpg",KEEP
"processed_data/train/A2/A2.20.Metr-pol_27_patch_1_0.jpg",KEEP
"processed_data\train\B1\DSC00147_patch_1_2.jpg",KEEP
"processed_data\val\A1\A1.03.Ope-Hou_98_patch_3_4.jpg",KEEP
"processed_data\train\B1\B1.22.SA-Offi_33_patch_3_1.jpg",KEEP
"processed_data/train/A1/DSC02102_patch_0_2.jpg",KEEP
"processed_data\train\A1\A1.36.St-Paul_44_patch_0_2.jpg",KEEP
"processed_data\train\A1\A1.01.Peo-com_03_patch_2_2.jpg",KEEP
"processed_data\val\A2\A2.18.MTN-Par_06_patch_3_3.jpg",KEEP
"processed_data\train\B1\B1.29.VNPT-Bui_65_patch_3_5.jpg",KEEP
"processed_data\train\B2\DSC04208_patch_2_2.jpg",KEEP
"processed_data\train\A1\A1.16.LHP-Sch_67_patch_1_1.jpg",KEEP
"processed_data/train/A2/A2.23.VCB-TSN_33_patch_2_2.jpg",KEEP
"processed_data\val\A1\A1.24.Indo-Ban_29_patch_3_0.jpg",KEEP
"processed_data/test/A1/A1.15.VTT-Sch_17_patch_2_4.jpg",KEEP
"processed_data\train\A1\A1.25.Gra-Sai_61_patch_2_2.jpg",KEEP
"processed_data\train\B1\B1.29.VNPT-Bui_60_patch_3_5.jpg",KEEP
"processed_data/test/A1/A1.08.MCH-Sch_55_patch_0_4.jpg",KEEP
"processed_data/train/B1/B1.02.TDN-Sch_08_patch_2_0.jpg",KEEP
"processed_data\train\B1\B1.22.SA-Offi_89_patch_2_5.jpg",KEEP
"processed_data\train\A1\A1.07.Hot-Con_35_patch_2_1.jpg",KEEP
"processed_data\train\B1\B1.07.Tho-Nha_184_patch_3_4.jpg",KEEP
"processed_data\test\B1\B1.13.VOH-Rad_11_patch_2_4.jpg",KEEP
"processed_data\train\A1\A1.26.Tan-Din_12_patch_2_3.jpg",KEEP
"processed_data\train\A1\A1.04.HCM-Mus_97_patch_0_1.jpg",KEEP
"processed_data\val\B1\B1.03.Gen-Lib_71_patch_0_0.jpg",KEEP
"processed_data\train\A1\A1.01.Peo-com_159_patch_2_4.jpg",KEEP
"processed_data\val\A1\A1.03.Ope-Hou_145_patch_1_0.jpg",KEEP
"processed_data\train\A1\A1.13.Pas-Ins_121_patch_1_1.jpg",KEEP
"processed_data\train\A1\A1.28.Cam-Mus_03_patch_1_3.jpg",KEEP
"processed_data/train/A1/DSC02103_patch_2_4.jpg",KEEP
"processed_data/train/B1/B1.14.VAR-Bui_48_patch_2_3.jpg",KEEP
"processed_data\train\A1\A1.12.Chi-Hou_166_patch_0_2.jpg",KEEP
"processed_data\val\A1\A1.03.Ope-Hou_157_patch_1_4.jpg",KEEP
"processed_data\val\A2\A2.10.Cit-Vie_04_patch_2_1.jpg",KEEP
"processed_data\train\A1\A1.13.Pas-Ins_109_patch_1_1.jpg",KEEP
"processed_data\test\B1\DSC02179_patch_0_3.jpg",KEEP
"processed_data\train\A1\A1.12.Chi-Hou_72_patch_2_4.jpg",KEEP
"processed_data/train/B1/B1.26.MEK-CPF_62_patch_3_3.jpg",KEEP
"processed_data/test/B2/DSC08840_patch_3_0.jpg",KEEP
"processed_data/train/A2/A2.11.Sai-Uni_06_patch_1_5.jpg",KEEP
"processed_data\train\B1\B1.20.PSA-Bui_43_patch_0_5.jpg",KEEP
"processed_data\train\A1\A1.09.Eye-Hos_99_patch_1_1.jpg",KEEP
"processed_data/train/B1/B1.02.TDN-Sch_56_patch_1_1.jpg",KEEP
"processed_data/train/A2/A2.01.Uni-Squa_85_patch_1_3.jpg",KEEP
"processed_data\train\B1\DSC02229_patch_1_3.jpg",KEEP
"processed_data/train/A1/A1.38.HBT-Sch_11_patch_1_3.jpg",KEEP
"processed_data/test/A1/A1.08.MCH-Sch_04_patch_1_2.jpg",KEEP
"processed_data\val\B1\B1.05.Uni-Med_126_patch_0_3.jpg",KEEP
"processed_data\train\B1\DSC04713_patch_3_0.jpg",KEEP
"processed_data\train\B1\DSC04712_patch_1_0.jpg",KEEP
"processed_data\train\B2\DSC03456_patch_1_3.jpg",KEEP
"processed_data\train\A1\A1.09.Eye-Hos_61_patch_0_5.jpg",KEEP
"processed_data\train\B1\DSC02283_patch_0_2.jpg",KEEP
"processed_data\val\B1\B1.05.Uni-Med_49_patch_1_5.jpg",KEEP
"processed_data\train\A1\A1.43.Sta-Tre_03_patch_0_4.jpg",KEEP
"processed_data/train/A1/A1.38.HBT-Sch_09_patch_0_0.jpg",KEEP
"processed_data\train\A1\A1.43.Sta-Tre_38_patch_2_3.jpg",KEEP
"processed_data\train\A1\A1.25.Gra-Sai_64_patch_0_3.jpg",KEEP
"processed_data\train\A1\A1.41.Sto-Exc_08_patch_3_5.jpg",KEEP
"processed_data\train\A1\A1.13.Pas-Ins_152_patch_3_4.jpg",KEEP
"processed_data\val\A1\A1.24.Indo-Ban_194_patch_3_3.jpg",KEEP
"processed_data\val\A1\A1.39.Oil-Buid_53_patch_3_4.jpg",KEEP
"processed_data/train/B1/B1.04.UAH-Uni_80_patch_3_2.jpg",KEEP
"processed_data\val\A1\A1.24.Indo-Ban_297_patch_1_3.jpg",KEEP
"processed_data\train\B1\B1.18.GD-Hos_21_patch_1_5.jpg",KEEP
"processed_data\train\A1\A1.04.HCM-Mus_67_patch_0_0.jpg",KEEP
"processed_data\train\B2\B2.12.SW-Mus_40_patch_2_2.jpg",KEEP
"processed_data\train\A1\A1.01.Peo-com_174_patch_2_0.jpg",KEEP
"processed_data\train\A1\A1.13.Pas-Ins_96_patch_1_3.jpg",KEEP
"processed_data/train/B1/B1.06.Geo-Mus_119_patch_3_4.jpg",KEEP
"processed_data\train\B1\B1.07.Tho-Nha_172_patch_1_1.jpg",KEEP
"processed_data\val\B1\B1.05.Uni-Med_53_patch_2_1.jpg",KEEP
"processed_data/train/B1/B1.02.TDN-Sch_45_patch_3_1.jpg",KEEP
"processed_data/train/B2/B2.11.Mil-Zon7_30_patch_0_5.jpg",KEEP
"processed_data/train/B1/B1.04.UAH-Uni_32_patch_0_1.jpg",KEEP
"processed_data\val\B2\B2.16.Roy-CT_03_patch_2_1.jpg",KEEP
"processed_data/train/A1/DSC02530_patch_0_2.jpg",KEEP
"processed_data/train/B1/B1.04.UAH-Uni_367_patch_0_5.jpg",KEEP
"processed_data\train\A1\A1.25.Gra-Sai_71_patch_0_4.jpg",KEEP
"processed_data\train\B1\B1.29.VNPT-Bui_164_patch_3_2.jpg",KEEP
"processed_data\train\B1\B1.18.GD-Hos_61_patch_2_5.jpg",KEEP
"processed_data\train\A1\A1.14.Chi-Hos2_05_patch_0_0.jpg",KEEP
"processed_data\val\A1\A1.24.Indo-Ban_158_patch_1_5.jpg",KEEP
"processed_data\train\A1\A1.27.Tu-Du_24_patch_0_2.jpg",KEEP
"processed_data\train\A1\A1.09.Eye-Hos_63_patch_1_1.jpg",KEEP
"processed_data/train/B1/B1.04.UAH-Uni_291_patch_2_2.jpg",KEEP
"processed_data\test\A1\A1.40.Veg-Oil_21_patch_3_2.jpg",KEEP
"processed_data\test\B2\DSC07517_patch_2_3.jpg",KEEP
"processed_data\train\A1\A1.13.Pas-Ins_38_patch_2_0.jpg",KEEP
"processed_data\train\B1\B1.24.Rex-Hot_25_patch_3_3.jpg",KEEP
"processed_data\train\B2\DSC03373_patch_1_2.jpg",KEEP
"processed_data\train\A2\A2.25.Lux-Pal_28_patch_3_4.jpg",KEEP
"processed_data/train/A2/A2.14.LBM-Tow_10_patch_0_0.jpg",KEEP
"processed_data/train/A2/A2.14.LBM-Tow_31_patch_3_4.jpg",KEEP
"processed_data/train/B2/B2.04.PSA-Bui_16_patch_1_3.jpg",KEEP
"processed_data\train\B1\B1.29.VNPT-Bui_29_patch_1_4.jpg",KEEP
"processed_data\train\A1\A1.12.Chi-Hou_52_patch_0_0.jpg",KEEP
"processed_data\test\B2\DSC07494_patch_3_4.jpg",KEEP
"processed_data\train\B2\DSC03357_patch_0_1.jpg",KEEP
"processed_data\test\B2\B2.01.Sai-Cen_36_patch_2_0.jpg",KEEP
"processed_data\train\A1\A1.01.Peo-com_39_patch_3_5.jpg",KEEP
"processed_data\val\A2\A2.24.Asi-ana_08_patch_2_3.jpg",KEEP
"processed_data\train\A1\A1.36.St-Paul_35_patch_3_5.jpg",KEEP
"processed_data\train\A1\A1.14.Chi-Hos2_50_patch_2_4.jpg",KEEP
"processed_data/train/A2/A2.19.La-Vela_27_patch_0_2.jpg",KEEP
"processed_data\test\A2\A2.12.Uni-Edu_27_patch_2_5.jpg",KEEP
"processed_data\train\A1\A1.13.Pas-Ins_124_patch_3_5.jpg",KEEP
"processed_data\train\A1\A1.05.Mus-His_43_patch_0_2.jpg",KEEP
"processed_data\train\A2\A2.16.Thai-Squ_09_patch_2_4.jpg",KEEP
"processed_data\val\B1\B1.05.Uni-Med_43_patch_3_1.jpg",KEEP
"processed_data\train\A1\A1.07.Hot-Con_35_patch_1_3.jpg",KEEP
"processed_data/test/B2/DSC02251_patch_2_3.jpg",KEEP
"processed_data\train\B1\B1.29.VNPT-Bui_133_patch_1_0.jpg",KEEP
"processed_data\test\B1\B1.13.VOH-Rad_08_patch_1_4.jpg",KEEP
"processed_data\val\A1\A1.03.Ope-Hou_157_patch_0_2.jpg",KEEP
"processed_data\train\A1\A1.04.HCM-Mus_80_patch_0_0.jpg",KEEP
"processed_data\test\A2\A2.21.Cons-Mus_06_patch_1_4.jpg",KEEP
"processed_data/train/B1/B1.04.UAH-Uni_48_patch_2_5.jpg",KEEP
"processed_data\train\B1\B1.20.PSA-Bui_10_patch_2_3.jpg",KEEP
"processed_data\train\B2\B2.12.SW-Mus_40_patch_2_4.jpg",KEEP
"processed_data/train/B2/B2.10.War-Mus_27_patch_0_1.jpg",KEEP
"processed_data/train/B1/B1.06.Geo-Mus_140_patch_0_3.jpg",KEEP
"processed_data\test\A2\A2.21.Cons-Mus_45_patch_2_4.jpg",KEEP
"processed_data\train\B2\DSC03416_patch_2_0.jpg",KEEP
"processed_data\train\B2\B2.05.SA-Offi_19_patch_1_3.jpg",KEEP
"processed_data\val\A1\A1.19.TuD-DiB_33_patch_3_3.jpg",KEEP
"processed_data/test/B2/DSC02106_patch_2_2.jpg",KEEP
"processed_data/train/A1/DSC02507_patch_2_4.jpg",KEEP
"processed_data\train\A1\A1.01.Peo-com_145_patch_3_2.jpg",KEEP
"processed_data\val\A1\A1.03.Ope-Hou_106_patch_3_0.jpg",KEEP
"processed_data\val\A1\A1.24.Indo-Ban_270_patch_2_0.jpg",KEEP
"processed_data\train\A2\A2.16.Thai-Squ_12_patch_3_1.jpg",KEEP
"processed_data\train\A1\A1.09.Eye-Hos_17_patch_2_2.jpg",KEEP
"processed_data\train\A1\A1.12.Chi-Hou_50_patch_2_1.jpg",KEEP
"processed_data\train\A1\A1.01.Peo-com_141_patch_2_3.jpg",KEEP
"processed_data\train\A1\A1.33.Sou-Wom_11_patch_2_5.jpg",KEEP
"processed_data\train\A2\A2.07.Mel-Poi_11_patch_0_5.jpg",KEEP
"processed_data\train\A2\A2.09.Sai-Tra_33_patch_0_5.jpg",KEEP
"processed_data\test\B2\DSC07510_patch_1_4.jpg",KEEP
"processed_data\train\A1\A1.16.LHP-Sch_42_patch_0_3.jpg",KEEP
"processed_data\val\A1\A1.24.Indo-Ban_146_patch_3_5.jpg",KEEP
"processed_data/train/A1/DSC02525_patch_1_1.jpg",KEEP
"processed_data\train\A1\A1.16.LHP-Sch_35_patch_2_3.jpg",KEEP
"processed_data\val\A1\A1.11.LQD-Sch_39_patch_1_3.jpg",KEEP
"processed_data\test\A2\A2.21.Cons-Mus_21_patch_1_0.jpg",KEEP
"processed_data\train\B2\B2.02.Ven-BTS_07_patch_2_2.jpg",KEEP
"processed_data\val\A1\A1.24.Indo-Ban_96_patch_2_4.jpg",KEEP
"processed_data/train/B1/B1.12.SEA-Bui_12_patch_0_1.jpg",KEEP
"processed_data/train/A1/DSC02102_patch_1_3.jpg",KEEP
"processed_data\train\A1\A1.16.LHP-Sch_61_patch_0_3.jpg",KEEP
"processed_data\val\B1\B1.11.TNS-Cen_12_patch_2_0.jpg",KEEP
"processed_data\train\A2\A2.25.Lux-Pal_16_patch_2_1.jpg",KEEP
"processed_data\train\A1\A1.06.TDN-Sch_106_patch_1_4.jpg",KEEP
"processed_data\train\A2\A2.05.Pub-Ser_25_patch_2_2.jpg",KEEP
"processed_data/train/B2/B2.09.Tha-Da_34_patch_1_4.jpg",KEEP
"processed_data\test\B2\DSC07495_patch_2_1.jpg",KEEP
"processed_data/train/B1/B1.06.Geo-Mus_29_patch_0_2.jpg",KEEP
"processed_data\val\A1\A1.03.Ope-Hou_142_patch_1_3.jpg",KEEP
"processed_data/train/B1/B1.04.UAH-Uni_53_patch_0_1.jpg",KEEP
"processed_data\val\A1\A1.03.Ope-Hou_139_patch_3_4.jpg",KEEP
"processed_data\test\B2\B2.08.Tu-Du_37_patch_0_0.jpg",KEEP
"processed_data\val\A1\A1.24.Indo-Ban_156_patch_1_3.jpg",KEEP
"processed_data\train\B2\DSC03177_patch_1_4.jpg",KEEP
"processed_data\train\B2\DSC03498_patch_2_4.jpg",KEEP
"processed_data\test\B1\B1.13.VOH-Rad_64_patch_0_0.jpg",KEEP
"processed_data\val\A1\A1.24.Indo-Ban_330_patch_1_1.jpg",KEEP
"processed_data\train\B1\B1.22.SA-Offi_37_patch_1_2.jpg",KEEP
"processed_data\val\A1\A1.03.Ope-Hou_76_patch_0_1.jpg",KEEP
"processed_data/train/A2/A2.01.Uni-Squa_105_patch_2_1.jpg",KEEP
"processed_data/train/A2/A2.22.Mai-Hou_18_patch_0_5.jpg",KEEP
"processed_data\train\A1\A1.36.St-Paul_38_patch_1_0.jpg",KEEP
"processed_data\test\A2\A2.12.Uni-Edu_14_patch_0_2.jpg",KEEP
"processed_data\test\B1\B1.13.VOH-Rad_179_patch_3_3.jpg",KEEP
"processed_data\val\A1\A1.24.Indo-Ban_79_patch_2_3.jpg",KEEP
"processed_data\train\A1\A1.25.Gra-Sai_58_patch_1_1.jpg",KEEP
"processed_data\train\A2\A2.26.Sou-Mil_18_patch_0_1.jpg",KEEP
"processed_data\val\B1\B1.03.Gen-Lib_27_patch_1_0.jpg",KEEP
"processed_data\val\B1\B1.03.Gen-Lib_26_patch_1_4.jpg",KEEP
"processed_data\val\B1\B1.03.Gen-Lib_144_patch_0_5.jpg",KEEP
"processed_data\train\B1\DSC02289_patch_3_3.jpg",KEEP
"processed_data\test\B1\B1.13.VOH-Rad_64_patch_3_2.jpg",KEEP
"processed_data\val\A1\A1.24.Indo-Ban_338_patch_1_1.jpg",KEEP
"processed_data\train\A1\A1.02.Peo-Cou_63_patch_2_4.jpg",KEEP
"processed_data/train/B1/B1.04.UAH-Uni_287_patch_3_4.jpg",KEEP
"processed_data\train\A1\A1.43.Sta-Tre_21_patch_2_2.jpg",KEEP
"processed_data\train\A1\A1.26.Tan-Din_40_patch_0_3.jpg",KEEP
"processed_data\val\A1\A1.24.Indo-Ban_140_patch_2_0.jpg",KEEP
"processed_data\train\A1\A1.02.Peo-Cou_94_patch_2_3.jpg",KEEP
"processed_data\train\A1\A1.43.Sta-Tre_41_patch_0_0.jpg",KEEP
"processed_data\train\B1\DSC04881_patch_2_1.jpg",KEEP
"processed_data/test/B2/DSC02124_patch_0_4.jpg",KEEP
"processed_data\train\A1\A1.42.BIDV-Bui_08_patch_3_1.jpg",KEEP
"processed_data\train\B1\B1.29.VNPT-Bui_82_patch_1_0.jpg",KEEP
"processed_data/train/A1/DSC02072_patch_1_3.jpg",KEEP
"processed_data\test\B2\DSC07512_patch_1_0.jpg",KEEP
"processed_data/train/B2/B2.11.Mil-Zon7_27_patch_3_2.jpg",KEEP
"processed_data\train\A1\A1.26.Tan-Din_63_patch_3_3.jpg",KEEP
"processed_data\val\A1\A1.23.Tru-Vuo_76_patch_2_0.jpg",KEEP
"processed_data\train\A1\A1.12.Chi-Hou_137_patch_3_4.jpg",KEEP
"processed_data\val\A1\A1.39.Oil-Buid_56_patch_1_2.jpg",KEEP
"processed_data\test\B2\B2.08.Tu-Du_01_patch_3_4.jpg",KEEP
"processed_data/train/A2/A2.01.Uni-Squa_44_patch_2_4.jpg",KEEP
"processed_data/train/A2/A2.01.Uni-Squa_112_patch_2_4.jpg",KEEP
"processed_data/train/A1/DSC02129_patch_1_2.jpg",KEEP
"processed_data\train\A1\A1.14.Chi-Hos2_145_patch_1_4.jpg",KEEP
"processed_data\train\A1\A1.13.Pas-Ins_37_patch_3_3.jpg",KEEP
"processed_data\test\B2\B2.08.Tu-Du_21_patch_1_2.jpg",KEEP
"processed_data/test/A1/A1.08.MCH-Sch_22_patch_0_4.jpg",KEEP
"processed_data/train/B1/B1.06.Geo-Mus_31_patch_2_0.jpg",KEEP
"processed_data\train\A1\A1.43.Sta-Tre_26_patch_3_4.jpg",KEEP
"processed_data\val\B1\B1.03.Gen-Lib_175_patch_3_2.jpg",KEEP
"processed_data\train\A1\A1.34.Maj-Hot_04_patch_0_5.jpg",KEEP
"processed_data\train\A1\A1.16.LHP-Sch_74_patch_3_2.jpg",KEEP
"processed_data\train\B2\DSC08677_patch_2_2.jpg",KEEP
"processed_data\val\A1\A1.24.Indo-Ban_90_patch_1_0.jpg",KEEP
"processed_data\train\A2\A2.06.VCB-Tow_28_patch_0_1.jpg",KEEP
"processed_data/test/A1/A1.29.Lab-Cul_03_patch_1_5.jpg",KEEP
"processed_data/train/B1/B1.02.TDN-Sch_63_patch_0_3.jpg",KEEP
"processed_data\train\A2\A2.05.Pub-Ser_05_patch_2_0.jpg",KEEP
"processed_data/test/B2/DSC08872_patch_2_3.jpg",KEEP
"processed_data\train\A1\A1.07.Hot-Con_12_patch_2_5.jpg",KEEP
"processed_data\train\B2\B2.12.SW-Mus_26_patch_2_3.jpg",KEEP
"processed_data/train/A2/A2.01.Uni-Squa_120_patch_3_0.jpg",KEEP
"processed_data\train\A1\A1.25.Gra-Sai_79_patch_3_0.jpg",KEEP
"processed_data\train\A1\A1.26.Tan-Din_98_patch_1_0.jpg",KEEP
"processed_data\train\A1\A1.43.Sta-Tre_44_patch_3_1.jpg",KEEP
"processed_data\train\A1\A1.06.TDN-Sch_102_patch_2_3.jpg",KEEP
"processed_data\val\B1\B1.11.TNS-Cen_29_patch_0_0.jpg",KEEP
"processed_data\train\A1\A1.04.HCM-Mus_99_patch_0_0.jpg",KEEP
"processed_data/train/A1/DSC02003_patch_3_1.jpg",KEEP
"processed_data\train\B2\DSC03204_patch_2_0.jpg",KEEP
"processed_data\val\A1\A1.24.Indo-Ban_325_patch_1_5.jpg",KEEP
"processed_data\val\B1\B1.15.TB-Mar_16_patch_2_5.jpg",KEEP
"processed_data\val\A1\A1.23.Tru-Vuo_47_patch_1_2.jpg",KEEP
"processed_data/train/B1/B1.04.UAH-Uni_168_patch_3_0.jpg",KEEP
"processed_data\train\A1\A1.02.Peo-Cou_98_patch_2_3.jpg",KEEP
"processed_data/train/B1/B1.04.UAH-Uni_319_patch_0_5.jpg",KEEP
"processed_data\train\B1\B1.20.PSA-Bui_12_patch_1_1.jpg",KEEP
"processed_data/train/B1/B1.14.VAR-Bui_48_patch_0_2.jpg",KEEP
"processed_data\val\B1\B1.03.Gen-Lib_08_patch_3_4.jpg",KEEP
"processed_data\train\A1\A1.27.Tu-Du_46_patch_1_0.jpg",KEEP
"processed_data\train\A1\A1.05.Mus-His_74_patch_2_1.jpg",KEEP
"processed_data/test/A1/A1.29.Lab-Cul_08_patch_3_0.jpg",KEEP
"processed_data/test/A1/A1.08.MCH-Sch_64_patch_0_3.jpg",KEEP
"processed_data\train\B1\DSC02253_patch_0_1.jpg",KEEP
"processed_data/train/B1/B1.04.UAH-Uni_33_patch_3_0.jpg",KEEP
"processed_data\train\A1\A1.01.Peo-com_143_patch_0_0.jpg",KEEP
"processed_data\train\B1\DSC04855_patch_0_4.jpg",KEEP
"processed_data/train/B1/B1.02.TDN-Sch_99_patch_0_3.jpg",KEEP
"processed_data\val\A1\A1.11.LQD-Sch_10_patch_2_0.jpg",KEEP
"processed_data\val\A1\A1.24.Indo-Ban_198_patch_3_2.jpg",KEEP
"processed_data\train\B2\DSC03366_patch_2_1.jpg",KEEP
"processed_data\train\B1\B1.21.PMO-Bui_09_patch_0_0.jpg",KEEP
"processed_data\train\A1\A1.07.Hot-Con_83_patch_2_5.jpg",KEEP
"processed_data\train\A1\A1.13.Pas-Ins_38_patch_3_5.jpg",KEEP
"processed_data\train\A1\A1.36.St-Paul_69_patch_3_3.jpg",KEEP
"processed_data\train\A1\A1.06.TDN-Sch_103_patch_2_4.jpg",KEEP
"processed_data\train\A2\A2.25.Lux-Pal_06_patch_0_4.jpg",KEEP
"processed_data\train\B1\DSC04852_patch_2_3.jpg",KEEP
"processed_data/train/B1/B1.06.Geo-Mus_18_patch_3_1.jpg",KEEP
"processed_data\test\A2\A2.12.Uni-Edu_22_patch_1_4.jpg",KEEP
"processed_data\train\A1\A1.25.Gra-Sai_02_patch_0_5.jpg",KEEP
"processed_data/train/B1/B1.04.UAH-Uni_278_patch_1_4.jpg",KEEP
"processed_data\train\A1\A1.43.Sta-Tre_21_patch_1_5.jpg",KEEP
"processed_data\val\A1\A1.24.Indo-Ban_222_patch_0_0.jpg",KEEP
"processed_data/train/B1/B1.04.UAH-Uni_190_patch_2_5.jpg",KEEP
"processed_data\test\A1\A1.40.Veg-Oil_25_patch_3_2.jpg",KEEP
"processed_data\train\A1\A1.06.TDN-Sch_82_patch_1_1.jpg",KEEP
"processed_data\train\A1\A1.26.Tan-Din_46_patch_2_3.jpg",KEEP
"processed_data\train\B2\DSC08692_patch_1_2.jpg",KEEP
"processed_data\train\A1\A1.07.Hot-Con_25_patch_2_4.jpg",KEEP
"processed_data\train\A1\A1.12.Chi-Hou_80_patch_0_4.jpg",KEEP
"processed_data/train/B1/B1.02.TDN-Sch_97_patch_2_0.jpg",KEEP
"processed_data\test\B1\DSC02213_patch_0_2.jpg",KEEP
"processed_data\val\A1\A1.24.Indo-Ban_243_patch_2_1.jpg",KEEP
"processed_data\train\A1\A1.42.BIDV-Bui_39_patch_0_2.jpg",KEEP
"processed_data\train\B1\B1.29.VNPT-Bui_88_patch_3_4.jpg",KEEP
"processed_data\val\A1\A1.24.Indo-Ban_346_patch_0_0.jpg",KEEP
"processed_data\test\B1\B1.13.VOH-Rad_03_patch_0_1.jpg",KEEP
"processed_data\train\A1\A1.12.Chi-Hou_04_patch_3_3.jpg",KEEP
"processed_data/train/B1/B1.08.HB-Scho_46_patch_1_2.jpg",KEEP
"processed_data\train\A1\A1.09.Eye-Hos_48_patch_3_4.jpg",KEEP
"processed_data\test\A2\A2.17.Dia-Pla_34_patch_3_3.jpg",KEEP
"processed_data\val\A1\A1.03.Ope-Hou_258_patch_3_1.jpg",KEEP
"processed_data\train\A1\A1.06.TDN-Sch_146_patch_0_2.jpg",KEEP
"processed_data/train/B2/B2.10.War-Mus_41_patch_1_1.jpg",KEEP
"processed_data/train/B1/B1.04.UAH-Uni_326_patch_0_3.jpg",KEEP
"processed_data\val\B1\B1.05.Uni-Med_60_patch_1_5.jpg",KEEP
"processed_data\val\B1\B1.05.Uni-Med_109_patch_1_4.jpg",KEEP
"processed_data\train\B2\DSC03296_patch_0_3.jpg",KEEP
"processed_data\train\A2\A2.06.VCB-Tow_29_patch_2_0.jpg",KEEP
"processed_data/train/B1/B1.02.TDN-Sch_61_patch_2_4.jpg",KEEP
"processed_data/train/B1/B1.04.UAH-Uni_386_patch_3_4.jpg",KEEP
"processed_data\train\B2\B2.12.SW-Mus_31_patch_1_4.jpg",KEEP
"processed_data\val\B1\B1.03.Gen-Lib_183_patch_3_4.jpg",KEEP
"processed_data\train\B1\B1.20.PSA-Bui_88_patch_2_4.jpg",KEEP
"processed_data\val\A2\A2.24.Asi-ana_39_patch_2_5.jpg",KEEP
"processed_data\train\A1\A1.33.Sou-Wom_80_patch_0_3.jpg",KEEP
"processed_data\test\A1\A1.40.Veg-Oil_24_patch_2_3.jpg",KEEP
"processed_data\val\A1\A1.24.Indo-Ban_311_patch_0_3.jpg",KEEP
"processed_data\train\A2\A2.09.Sai-Tra_18_patch_2_4.jpg",KEEP
"processed_data\train\A1\A1.28.Cam-Mus_55_patch_2_1.jpg",KEEP
"processed_data\test\B1\DSC02217_patch_0_4.jpg",KEEP
"processed_data\train\B1\DSC02249_patch_3_0.jpg",KEEP
"processed_data\train\A1\A1.33.Sou-Wom_63_patch_3_1.jpg",KEEP
"processed_data\train\B1\DSC00061_patch_0_1.jpg",KEEP
"processed_data\train\B2\DSC03432_patch_3_4.jpg",KEEP
"processed_data\train\A1\A1.25.Gra-Sai_14_patch_0_0.jpg",KEEP
"processed_data\train\B2\DSC03155_patch_2_3.jpg",KEEP
"processed_data\train\A1\A1.01.Peo-com_124_patch_0_5.jpg",KEEP
"processed_data\train\B1\B1.21.PMO-Bui_01_patch_1_0.jpg",KEEP
"processed_data\train\A1\A1.28.Cam-Mus_15_patch_0_2.jpg",KEEP
"processed_data\val\A1\A1.24.Indo-Ban_123_patch_0_2.jpg",KEEP
"processed_data\train\A1\A1.33.Sou-Wom_37_patch_3_5.jpg",KEEP
"processed_data/train/B2/B2.04.PSA-Bui_17_patch_2_4.jpg",KEEP
"processed_data/train/B1/B1.02.TDN-Sch_72_patch_3_4.jpg",KEEP
"processed_data\val\B1\B1.05.Uni-Med_122_patch_3_5.jpg",KEEP
"processed_data\train\A1\A1.01.Peo-com_66_patch_1_4.jpg",KEEP
"processed_data\train\A1\A1.12.Chi-Hou_82_patch_3_2.jpg",KEEP
"processed_data\train\B1\B1.18.GD-Hos_23_patch_1_0.jpg",KEEP
"processed_data\train\A1\A1.26.Tan-Din_130_patch_2_2.jpg",KEEP
"processed_data/test/A1/A1.21.Rai-Bui_36_patch_1_0.jpg",KEEP
"processed_data\train\B1\B1.22.SA-Offi_46_patch_1_3.jpg",KEEP
"processed_data\train\A1\A1.09.Eye-Hos_81_patch_2_5.jpg",KEEP
"processed_data\val\A1\A1.03.Ope-Hou_200_patch_3_1.jpg",KEEP
"processed_data\train\A1\A1.02.Peo-Cou_24_patch_2_1.jpg",KEEP
"processed_data\train\B2\B2.05.SA-Offi_36_patch_1_0.jpg",KEEP
"processed_data\train\A1\A1.12.Chi-Hou_07_patch_1_2.jpg",KEEP
"processed_data\train\A2\A2.09.Sai-Tra_09_patch_2_4.jpg",KEEP
"processed_data\val\B1\B1.15.TB-Mar_57_patch_0_3.jpg",KEEP
"processed_data\test\B2\B2.01.Sai-Cen_20_patch_2_2.jpg",KEEP
"processed_data\val\A1\A1.03.Ope-Hou_86_patch_0_1.jpg",KEEP
"processed_data/train/B2/B2.11.Mil-Zon7_19_patch_0_4.jpg",KEEP
"processed_data\val\B1\B1.03.Gen-Lib_161_patch_1_5.jpg",KEEP
"processed_data\train\A1\A1.36.St-Paul_85_patch_3_0.jpg",KEEP
"processed_data\train\B1\DSC00157_patch_3_2.jpg",KEEP
"processed_data\val\A1\A1.39.Oil-Buid_08_patch_1_2.jpg",KEEP
"processed_data\val\A1\A1.24.Indo-Ban_149_patch_1_2.jpg",KEEP
"processed_data/train/B1/B1.04.UAH-Uni_43_patch_1_1.jpg",KEEP
"processed_data\train\A1\A1.01.Peo-com_96_patch_3_5.jpg",KEEP
"processed_data/train/B2/B2.09.Tha-Da_14_patch_3_3.jpg",KEEP
"processed_data\test\A1\A1.40.Veg-Oil_24_patch_0_1.jpg",KEEP
"processed_data/train/A1/DSC02090_patch_0_4.jpg",KEEP
"processed_data\val\A1\A1.24.Indo-Ban_24_patch_1_0.jpg",KEEP
"processed_data\train\A1\A1.17.Sai-Uni_70_patch_0_5.jpg",KEEP
"processed_data/train/B1/B1.14.VAR-Bui_59_patch_1_2.jpg",KEEP
"processed_data\train\A1\A1.14.Chi-Hos2_161_patch_3_4.jpg",KEEP
"processed_data\val\A1\A1.24.Indo-Ban_28_patch_2_2.jpg",KEEP
"processed_data/train/B1/B1.26.MEK-CPF_12_patch_3_4.jpg",KEEP
"processed_data\train\A1\A1.41.Sto-Exc_28_patch_0_1.jpg",KEEP
"processed_data\train\B1\B1.21.PMO-Bui_04_patch_1_3.jpg",KEEP
"processed_data\train\A1\A1.09.Eye-Hos_89_patch_3_4.jpg",KEEP
"processed_data\test\B1\B1.13.VOH-Rad_63_patch_1_2.jpg",KEEP
"processed_data\val\A1\A1.24.Indo-Ban_134_patch_3_5.jpg",KEEP
"processed_data\val\A1\A1.03.Ope-Hou_190_patch_0_4.jpg",KEEP
"processed_data\train\A1\A1.17.Sai-Uni_89_patch_2_1.jpg",KEEP
"processed_data\test\B2\DSC07570_patch_0_1.jpg",KEEP
"processed_data/test/A1/A1.08.MCH-Sch_08_patch_2_2.jpg",KEEP
"processed_data\test\B1\B1.19.Apar-Bui_40_patch_2_0.jpg",KEEP
"processed_data\val\A1\A1.03.Ope-Hou_264_patch_3_0.jpg",KEEP
"processed_data/train/B1/B1.02.TDN-Sch_117_patch_3_0.jpg",KEEP
"processed_data\train\A1\A1.01.Peo-com_106_patch_3_4.jpg",KEEP
"processed_data\val\B1\B1.05.Uni-Med_131_patch_1_1.jpg",KEEP
"processed_data\val\B1\B1.05.Uni-Med_97_patch_2_3.jpg",KEEP
"processed_data\test\B1\B1.13.VOH-Rad_178_patch_2_1.jpg",KEEP
"processed_data\val\A1\A1.19.TuD-DiB_29_patch_0_2.jpg",KEEP
"processed_data\test\A2\A2.12.Uni-Edu_15_patch_2_0.jpg",KEEP
"processed_data/train/A2/A2.22.Mai-Hou_09_patch_1_1.jpg",KEEP
"processed_data\train\A2\A2.09.Sai-Tra_55_patch_3_5.jpg",KEEP
"processed_data\val\B1\B1.15.TB-Mar_45_patch_3_0.jpg",KEEP
"processed_data\train\A1\A1.41.Sto-Exc_24_patch_0_5.jpg",KEEP
"processed_data/train/B1/B1.04.UAH-Uni_146_patch_3_0.jpg",KEEP
"processed_data\test\B2\B2.08.Tu-Du_35_patch_2_2.jpg",KEEP
"processed_data/train/B1/B1.26.MEK-CPF_11_patch_3_0.jpg",KEEP
"processed_data\train\A1\A1.02.Peo-Cou_55_patch_1_1.jpg",KEEP
"processed_data\train\B1\DSC00063_patch_2_0.jpg",KEEP
"processed_data/train/B1/B1.04.UAH-Uni_82_patch_3_1.jpg",KEEP
"processed_data/train/A2/A2.23.VCB-TSN_03_patch_1_0.jpg",KEEP
"processed_data/train/B1/B1.04.UAH-Uni_404_patch_0_4.jpg",KEEP
"processed_data\train\B2\DSC03374_patch_1_2.jpg",KEEP
"processed_data/train/B2/B2.11.Mil-Zon7_45_patch_2_3.jpg",KEEP
"processed_data/test/B2/DSC02139_patch_0_0.jpg",KEEP
"processed_data\train\A1\A1.13.Pas-Ins_18_patch_3_4.jpg",KEEP
"processed_data\train\B1\B1.29.VNPT-Bui_29_patch_3_5.jpg",KEEP
"processed_data\train\A1\A1.12.Chi-Hou_147_patch_0_1.jpg",KEEP
"processed_data/train/A2/A2.20.Metr-pol_09_patch_1_1.jpg",KEEP
"processed_data\val\B1\B1.15.TB-Mar_16_patch_3_3.jpg",KEEP
"processed_data\train\B1\DSC02243_patch_1_5.jpg",KEEP
"processed_data\val\A1\A1.03.Ope-Hou_237_patch_2_1.jpg",KEEP
"processed_data\val\B1\B1.05.Uni-Med_40_patch_2_0.jpg",KEEP
"processed_data\train\A1\A1.12.Chi-Hou_91_patch_0_4.jpg",KEEP
"processed_data\val\A1\A1.23.Tru-Vuo_94_patch_0_3.jpg",KEEP
"processed_data/test/B2/DSC02271_patch_3_4.jpg",KEEP
"processed_data/test/A1/A1.15.VTT-Sch_12_patch_3_2.jpg",KEEP
"processed_data\train\A2\A2.26.Sou-Mil_19_patch_0_5.jpg",KEEP
"processed_data\train\A2\A2.16.Thai-Squ_05_patch_1_1.jpg",KEEP
"processed_data\train\A1\A1.06.TDN-Sch_144_patch_2_5.jpg",KEEP
"processed_data\train\A1\A1.30.Pol-Mas_05_patch_2_5.jpg",KEEP
"processed_data/train/A2/A2.11.Sai-Uni_23_patch_1_2.jpg",KEEP
"processed_data/train/B1/B1.04.UAH-Uni_49_patch_2_5.jpg",KEEP
"processed_data\train\A2\A2.07.Mel-Poi_01_patch_1_3.jpg",KEEP
"processed_data\train\B1\DSC00150_patch_1_3.jpg",KEEP
"processed_data\test\B2\DSC07455_patch_2_1.jpg",KEEP
"processed_data\train\A1\A1.27.Tu-Du_34_patch_2_4.jpg",KEEP
"processed_data\val\A1\A1.23.Tru-Vuo_55_patch_2_2.jpg",KEEP
"processed_data\train\A1\A1.09.Eye-Hos_24_patch_0_3.jpg",KEEP
"processed_data/train/A1/A1.31.Cul-Com_37_patch_1_1.jpg",KEEP
"processed_data/train/A1/DSC02082_patch_3_4.jpg",KEEP
"processed_data\val\B1\B1.03.Gen-Lib_44_patch_3_5.jpg",KEEP
"processed_data\val\A1\A1.19.TuD-DiB_07_patch_0_0.jpg",KEEP
"processed_data/test/B2/DSC02222_patch_0_5.jpg",KEEP
"processed_data/train/A2/A2.20.Metr-pol_02_patch_1_0.jpg",KEEP
"processed_data\train\A1\A1.09.Eye-Hos_51_patch_0_0.jpg",KEEP
"processed_data\train\A2\A2.05.Pub-Ser_20_patch_2_5.jpg",KEEP
"processed_data\test\A2\A2.21.Cons-Mus_03_patch_3_5.jpg",KEEP
"processed_data/train/B1/B1.26.MEK-CPF_12_patch_0_4.jpg",KEEP
"processed_data/train/A2/A2.01.Uni-Squa_61_patch_2_1.jpg",KEEP
"processed_data\val\B1\B1.03.Gen-Lib_20_patch_3_1.jpg",KEEP
"processed_data\test\B2\B2.08.Tu-Du_22_patch_1_3.jpg",KEEP
"processed_data\train\A1\A1.01.Peo-com_113_patch_1_1.jpg",KEEP
"processed_data\train\A1\A1.36.St-Paul_13_patch_2_4.jpg",KEEP
"processed_data\train\A1\A1.33.Sou-Wom_55_patch_2_2.jpg",KEEP
"processed_data/train/B1/B1.02.TDN-Sch_109_patch_1_3.jpg",KEEP
"processed_data\train\A1\A1.05.Mus-His_70_patch_1_5.jpg",KEEP
"processed_data/train/A1/DSC02088_patch_3_1.jpg",KEEP
"processed_data/test/B2/DSC02310_patch_2_2.jpg",KEEP
"processed_data/train/B1/B1.04.UAH-Uni_30_patch_3_2.jpg",KEEP
"processed_data\train\A1\A1.33.Sou-Wom_37_patch_2_2.jpg",KEEP
"processed_data\val\A1\A1.03.Ope-Hou_181_patch_2_4.jpg",KEEP
"processed_data/train/B2/B2.11.Mil-Zon7_09_patch_2_2.jpg",KEEP
"processed_data\val\A1\A1.03.Ope-Hou_162_patch_3_1.jpg",KEEP
"processed_data\val\A1\A1.23.Tru-Vuo_56_patch_0_5.jpg",KEEP
"processed_data\train\A1\A1.42.BIDV-Bui_27_patch_0_1.jpg",KEEP
"processed_data\train\A1\A1.26.Tan-Din_72_patch_0_0.jpg",KEEP
"processed_data\train\B2\DSC03352_patch_3_5.jpg",KEEP
"processed_data\train\A2\A2.06.VCB-Tow_16_patch_1_5.jpg",KEEP
"processed_data\test\A1\A1.40.Veg-Oil_10_patch_2_2.jpg",KEEP
"processed_data/train/A1/A1.31.Cul-Com_17_patch_0_1.jpg",KEEP
"processed_data\train\B1\DSC04682_patch_2_3.jpg",KEEP
"processed_data\train\A1\A1.13.Pas-Ins_101_patch_0_3.jpg",KEEP
"processed_data\train\B1\B1.29.VNPT-Bui_15_patch_1_5.jpg",KEEP
"processed_data\train\A1\A1.12.Chi-Hou_41_patch_0_4.jpg",KEEP
"processed_data\train\A1\A1.14.Chi-Hos2_76_patch_1_3.jpg",KEEP
"processed_data\train\A1\A1.28.Cam-Mus_01_patch_3_5.jpg",KEEP
"processed_data\train\A1\A1.02.Peo-Cou_17_patch_3_1.jpg",KEEP
"processed_data\train\B1\B1.18.GD-Hos_59_patch_2_1.jpg",KEEP
"processed_data/train/B1/B1.26.MEK-CPF_32_patch_0_1.jpg",KEEP
"processed_data\val\A1\A1.24.Indo-Ban_246_patch_1_3.jpg",KEEP
"processed_data/train/A2/A2.23.VCB-TSN_23_patch_1_2.jpg",KEEP
"processed_data\val\B1\B1.05.Uni-Med_70_patch_1_3.jpg",KEEP
"processed_data\train\B1\DSC02252_patch_0_1.jpg",KEEP
"processed_data\train\A1\A1.14.Chi-Hos2_74_patch_2_1.jpg",KEEP
"processed_data\test\A2\A2.21.Cons-Mus_10_patch_2_5.jpg",KEEP
"processed_data\train\A1\A1.36.St-Paul_83_patch_0_5.jpg",KEEP
"processed_data/train/B1/B1.26.MEK-CPF_11_patch_0_1.jpg",KEEP
"processed_data\val\B1\B1.05.Uni-Med_14_patch_2_4.jpg",KEEP
"processed_data\train\A2\A2.05.Pub-Ser_05_patch_3_2.jpg",KEEP
"processed_data\test\A2\A2.12.Uni-Edu_06_patch_0_1.jpg",KEEP
"processed_data\train\A1\A1.16.LHP-Sch_04_patch_0_4.jpg",KEEP
"processed_data\val\B1\B1.03.Gen-Lib_140_patch_0_5.jpg",KEEP
"processed_data\val\A1\A1.24.Indo-Ban_198_patch_3_3.jpg",KEEP
"processed_data\train\A1\A1.25.Gra-Sai_15_patch_0_0.jpg",KEEP
"processed_data\train\A1\A1.12.Chi-Hou_21_patch_3_3.jpg",KEEP
"processed_data/train/B1/B1.04.UAH-Uni_242_patch_2_3.jpg",KEEP
"processed_data\train\A1\A1.17.Sai-Uni_19_patch_2_1.jpg",KEEP
"processed_data\train\A1\A1.16.LHP-Sch_62_patch_0_0.jpg",KEEP
"processed_data\val\B1\B1.03.Gen-Lib_188_patch_1_3.jpg",KEEP
"processed_data\train\B1\B1.22.SA-Offi_08_patch_1_0.jpg",KEEP
"processed_data\test\B2\DSC07491_patch_2_2.jpg",KEEP
"processed_data\train\A1\A1.33.Sou-Wom_57_patch_2_5.jpg",KEEP
"processed_data\val\A1\A1.23.Tru-Vuo_53_patch_1_4.jpg",KEEP
"processed_data/train/B1/B1.04.UAH-Uni_258_patch_2_4.jpg",KEEP
"processed_data\train\A1\A1.07.Hot-Con_42_patch_1_0.jpg",KEEP
"processed_data\train\A1\A1.01.Peo-com_162_patch_3_5.jpg",KEEP
"processed_data\train\B1\DSC04630_patch_2_1.jpg",KEEP
"processed_data/train/A2/A2.15.New-Wor_30_patch_2_4.jpg",KEEP
"processed_data\train\B1\B1.22.SA-Offi_81_patch_0_3.jpg",KEEP
"processed_data\val\B1\B1.15.TB-Mar_72_patch_1_3.jpg",KEEP
"processed_data\test\B2\DSC01894_patch_1_4.jpg",KEEP
"processed_data\train\A1\A1.09.Eye-Hos_77_patch_2_5.jpg",KEEP
"processed_data\train\A1\A1.14.Chi-Hos2_38_patch_0_3.jpg",KEEP
"processed_data\train\A1\A1.06.TDN-Sch_28_patch_1_4.jpg",KEEP
"processed_data/train/A1/DSC02013_patch_0_2.jpg",KEEP
"processed_data\train\A1\A1.17.Sai-Uni_73_patch_1_1.jpg",KEEP
"processed_data\train\A1\A1.26.Tan-Din_42_patch_0_4.jpg",KEEP
"processed_data\train\A1\A1.25.Gra-Sai_51_patch_3_0.jpg",KEEP
"processed_data\train\A1\A1.34.Maj-Hot_04_patch_2_2.jpg",KEEP
"processed_data\train\A1\A1.26.Tan-Din_84_patch_1_0.jpg",KEEP
"processed_data\train\B1\B1.29.VNPT-Bui_19_patch_3_4.jpg",KEEP
"processed_data\train\A1\A1.33.Sou-Wom_14_patch_0_5.jpg",KEEP
"processed_data\test\A2\A2.21.Cons-Mus_30_patch_1_0.jpg",KEEP
"processed_data/test/A1/A1.21.Rai-Bui_39_patch_1_2.jpg",KEEP
"processed_data/train/B1/B1.04.UAH-Uni_52_patch_2_4.jpg",KEEP
"processed_data\train\A1\A1.25.Gra-Sai_67_patch_1_5.jpg",KEEP
"processed_data\val\B1\B1.05.Uni-Med_27_patch_3_3.jpg",KEEP
"processed_data/train/B1/B1.06.Geo-Mus_130_patch_2_3.jpg",KEEP
"processed_data\test\B2\B2.08.Tu-Du_32_patch_1_3.jpg",KEEP
"processed_data\train\A1\A1.25.Gra-Sai_84_patch_3_0.jpg",KEEP
"processed_data\val\A1\A1.03.Ope-Hou_153_patch_1_2.jpg",KEEP
"processed_data\train\B2\DSC03442_patch_1_1.jpg",KEEP
"processed_data\test\B1\B1.13.VOH-Rad_111_patch_0_3.jpg",KEEP
"processed_data\train\A1\A1.43.Sta-Tre_10_patch_3_3.jpg",KEEP
"processed_data\train\B1\B1.23.Offi-Gov_18_patch_3_4.jpg",KEEP
"processed_data\train\A1\A1.12.Chi-Hou_27_patch_0_4.jpg",KEEP
"processed_data\val\A1\A1.24.Indo-Ban_212_patch_0_1.jpg",KEEP
"processed_data\val\A1\A1.24.Indo-Ban_175_patch_2_0.jpg",KEEP
"processed_data/train/B1/B1.08.HB-Scho_33_patch_1_5.jpg",KEEP
"processed_data\val\A1\A1.24.Indo-Ban_235_patch_3_3.jpg",KEEP
"processed_data\train\B2\B2.12.SW-Mus_25_patch_3_0.jpg",KEEP
"processed_data\train\A1\A1.14.Chi-Hos2_131_patch_1_1.jpg",KEEP
"processed_data\train\B1\DSC02287_patch_2_0.jpg",KEEP
"processed_data/test/A1/A1.29.Lab-Cul_04_patch_1_3.jpg",KEEP
"processed_data\train\A1\A1.01.Peo-com_34_patch_3_3.jpg",KEEP
"processed_data\train\B1\B1.18.GD-Hos_50_patch_1_1.jpg",KEEP
"processed_data\train\A1\A1.33.Sou-Wom_60_patch_1_3.jpg",KEEP
"processed_data\test\B1\DSC02171_patch_0_0.jpg",KEEP
"processed_data\test\A2\A2.21.Cons-Mus_56_patch_1_1.jpg",KEEP
"processed_data\train\A1\A1.09.Eye-Hos_37_patch_1_1.jpg",KEEP
"processed_data\val\A1\A1.24.Indo-Ban_157_patch_1_5.jpg",KEEP
"processed_data/train/A2/A2.20.Metr-pol_11_patch_1_4.jpg",KEEP
"processed_data\train\B2\DSC03508_patch_2_1.jpg",KEEP
"processed_data\test\A1\A1.40.Veg-Oil_14_patch_3_1.jpg",KEEP
"processed_data\train\B1\B1.22.SA-Offi_75_patch_2_0.jpg",KEEP
"processed_data\train\A1\A1.20.Peo-Com_04_patch_3_3.jpg",KEEP
"processed_data\test\B1\B1.13.VOH-Rad_189_patch_0_1.jpg",KEEP
"processed_data/train/A2/A2.01.Uni-Squa_74_patch_0_0.jpg",KEEP
"processed_data\val\A1\A1.37.Uni-SSH_21_patch_3_4.jpg",KEEP
"processed_data\train\A1\A1.42.BIDV-Bui_34_patch_3_0.jpg",KEEP
"processed_data\train\B2\B2.12.SW-Mus_03_patch_3_2.jpg",KEEP
"processed_data\val\A1\A1.03.Ope-Hou_178_patch_2_1.jpg",KEEP
"processed_data\train\A1\A1.07.Hot-Con_11_patch_0_1.jpg",KEEP
"processed_data\train\A1\A1.01.Peo-com_147_patch_1_1.jpg",KEEP
"processed_data/train/A2/DSC01972_patch_2_3.jpg",KEEP
"processed_data/train/B1/B1.04.UAH-Uni_149_patch_0_1.jpg",KEEP
"processed_data\val\A1\A1.11.LQD-Sch_38_patch_3_2.jpg",KEEP
"processed_data\train\A2\A2.16.Thai-Squ_14_patch_3_0.jpg",KEEP
"processed_data\train\A1\A1.09.Eye-Hos_100_patch_3_0.jpg",KEEP
"processed_data\train\B2\DSC08699_patch_2_1.jpg",KEEP
"processed_data\train\A1\A1.28.Cam-Mus_39_patch_0_3.jpg",KEEP
"processed_data\train\A2\A2.25.Lux-Pal_25_patch_1_5.jpg",KEEP
"processed_data\val\A1\A1.24.Indo-Ban_05_patch_2_4.jpg",KEEP
"processed_data\train\B1\B1.20.PSA-Bui_24_patch_1_0.jpg",KEEP
"processed_data\train\A1\A1.06.TDN-Sch_136_patch_2_2.jpg",KEEP
"processed_data\train\A1\A1.36.St-Paul_20_patch_2_2.jpg",KEEP
"processed_data/train/B1/B1.08.HB-Scho_19_patch_1_1.jpg",KEEP
"processed_data/test/A1/A1.21.Rai-Bui_03_patch_0_3.jpg",KEEP
"processed_data\train\B1\DSC04872_patch_0_0.jpg",KEEP
"processed_data\train\B2\DSC08669_patch_2_5.jpg",KEEP
"processed_data\train\B1\B1.18.GD-Hos_28_patch_1_4.jpg",KEEP
"processed_data\val\A1\A1.24.Indo-Ban_122_patch_1_1.jpg",KEEP
"processed_data\train\B1\B1.29.VNPT-Bui_73_patch_0_5.jpg",KEEP
"processed_data\train\A1\A1.16.LHP-Sch_71_patch_2_2.jpg",KEEP
"processed_data\train\A1\A1.05.Mus-His_73_patch_3_0.jpg",KEEP
"processed_data\train\A1\A1.34.Maj-Hot_02_patch_0_2.jpg",KEEP
"processed_data\val\A1\A1.03.Ope-Hou_176_patch_2_1.jpg",KEEP
"processed_data/train/B1/B1.04.UAH-Uni_288_patch_0_3.jpg",KEEP
"processed_data\train\A1\A1.36.St-Paul_39_patch_0_3.jpg",KEEP
"processed_data\train\A1\A1.26.Tan-Din_93_patch_3_1.jpg",KEEP
"processed_data\train\A1\A1.09.Eye-Hos_55_patch_0_2.jpg",KEEP
"processed_data\test\B1\B1.13.VOH-Rad_155_patch_0_0.jpg",KEEP
"processed_data\train\B1\DSC02291_patch_1_3.jpg",KEEP
"processed_data\train\A1\A1.30.Pol-Mas_12_patch_2_1.jpg",KEEP
"processed_data\train\A1\A1.32.Sec-Adm_34_patch_2_3.jpg",KEEP
"processed_data\train\B1\B1.21.PMO-Bui_09_patch_1_1.jpg",KEEP
"processed_data\train\A1\A1.01.Peo-com_52_patch_1_1.jpg",KEEP
"processed_data/train/B1/B1.14.VAR-Bui_11_patch_2_0.jpg",KEEP
"processed_data/train/B1/B1.14.VAR-Bui_41_patch_1_4.jpg",KEEP
"processed_data\train\A1\A1.26.Tan-Din_87_patch_0_4.jpg",KEEP
"processed_data\train\B1\B1.07.Tho-Nha_179_patch_0_1.jpg",KEEP
"processed_data\val\A1\A1.03.Ope-Hou_75_patch_3_2.jpg",KEEP
"processed_data\test\B1\B1.27.HB-The_09_patch_0_4.jpg",KEEP
"processed_data\test\A2\A2.21.Cons-Mus_41_patch_0_0.jpg",KEEP
"processed_data\val\B1\B1.05.Uni-Med_127_patch_1_1.jpg",KEEP
"processed_data\train\A1\A1.12.Chi-Hou_09_patch_2_3.jpg",KEEP
"processed_data/train/B1/B1.08.HB-Scho_20_patch_2_0.jpg",KEEP
"processed_data\val\A1\A1.11.LQD-Sch_04_patch_0_3.jpg",KEEP
"processed_data\test\A2\A2.12.Uni-Edu_39_patch_0_4.jpg",KEEP
"processed_data\train\B1\B1.22.SA-Offi_54_patch_2_1.jpg",KEEP
"processed_data/train/A1/DSC02514_patch_2_2.jpg",KEEP
"processed_data/train/A1/DSC02586_patch_2_3.jpg",KEEP
"processed_data\train\A1\A1.26.Tan-Din_04_patch_1_2.jpg",KEEP
"processed_data\val\B1\B1.05.Uni-Med_36_patch_2_5.jpg",KEEP
"processed_data\train\B1\B1.20.PSA-Bui_66_patch_2_5.jpg",KEEP
"processed_data/train/B1/B1.14.VAR-Bui_04_patch_2_1.jpg",KEEP
"processed_data\train\A1\A1.26.Tan-Din_82_patch_1_1.jpg",KEEP
"processed_data\val\A1\A1.39.Oil-Buid_64_patch_2_4.jpg",KEEP
"processed_data\val\A1\A1.24.Indo-Ban_286_patch_2_5.jpg",KEEP
"processed_data\train\B1\DSC02259_patch_3_0.jpg",KEEP
"processed_data\train\A1\A1.43.Sta-Tre_43_patch_0_3.jpg",KEEP