dup_cluster_id,building_id,style_label,filename,file_path,action
0,A1.01,A1,A1.01.Peo-com_107.JPG,raw_data/A1.01/A1.01.Peo-com_107.JPG,
0,A1.01,A1,A1.01.Peo-com_108.JPG,raw_data/A1.01/A1.01.Peo-com_108.JPG,
1,A1.01,A1,A1.01.Peo-com_165.JPG,raw_data/A1.01/A1.01.Peo-com_165.JPG,
1,A1.01,A1,A1.01.Peo-com_166.JPG,raw_data/A1.01/A1.01.Peo-com_166.JPG,
2,A1.01,A1,A1.01.Peo-com_55.JPG,raw_data/A1.01/A1.01.Peo-com_55.JPG,
2,A1.01,A1,A1.01.Peo-com_56.JPG,raw_data/A1.01/A1.01.Peo-com_56.JPG,
3,A1.01,A1,A1.01.Peo-com_57.JPG,raw_data/A1.01/A1.01.Peo-com_57.JPG,
3,A1.01,A1,A1.01.Peo-com_58.JPG,raw_data/A1.01/A1.01.Peo-com_58.JPG,
4,A1.01,A1,A1.01.Peo-com_61.JPG,raw_data/A1.01/A1.01.Peo-com_61.JPG,
4,A1.01,A1,A1.01.Peo-com_62.JPG,raw_data/A1.01/A1.01.Peo-com_62.JPG,
4,A1.01,A1,A1.01.Peo-com_63.JPG,raw_data/A1.01/A1.01.Peo-com_63.JPG,
5,A1.01,A1,A1.01.Peo-com_64.JPG,raw_data/A1.01/A1.01.Peo-com_64.JPG,
5,A1.01,A1,A1.01.Peo-com_65.JPG,raw_data/A1.01/A1.01.Peo-com_65.JPG,
6,A1.01,A1,A1.01.Peo-com_67.JPG,raw_data/A1.01/A1.01.Peo-com_67.JPG,
6,A1.01,A1,A1.01.Peo-com_68.JPG,raw_data/A1.01/A1.01.Peo-com_68.JPG,
7,A1.02,A1,A1.02.Peo-Cou_34.JPG,raw_data/A1.02/A1.02.Peo-Cou_34.JPG,
7,A1.02,A1,A1.02.Peo-Cou_35.JPG,raw_data/A1.02/A1.02.Peo-Cou_35.JPG,
8,A1.02,A1,A1.02.Peo-Cou_47.JPG,raw_data/A1.02/A1.02.Peo-Cou_47.JPG,
8,A1.02,A1,A1.02.Peo-Cou_48.JPG,raw_data/A1.02/A1.02.Peo-Cou_48.JPG,
9,A1.02,A1,A1.02.Peo-Cou_53.JPG,raw_data/A1.02/A1.02.Peo-Cou_53.JPG,
9,A1.02,A1,A1.02.Peo-Cou_54.JPG,raw_data/A1.02/A1.02.Peo-Cou_54.JPG,
10,A1.02,A1,A1.02.Peo-Cou_56.JPG,raw_data/A1.02/A1.02.Peo-Cou_56.JPG,
10,A1.02,A1,A1.02.Peo-Cou_57.JPG,raw_data/A1.02/A1.02.Peo-Cou_57.JPG,
11,A1.02,A1,A1.02.Peo-Cou_63.JPG,raw_data/A1.02/A1.02.Peo-Cou_63.JPG,
11,A1.02,A1,A1.02.Peo-Cou_64.JPG,raw_data/A1.02/A1.02.Peo-Cou_64.JPG,
12,A1.02,A1,A1.02.Peo-Cou_69.JPG,raw_data/A1.02/A1.02.Peo-Cou_69.JPG,
12,A1.02,A1,A1.02.Peo-Cou_70.JPG,raw_data/A1.02/A1.02.Peo-Cou_70.JPG,
12,A1.02,A1,A1.02.Peo-Cou_73.JPG,raw_data/A1.02/A1.02.Peo-Cou_73.JPG,
13,A1.03,A1,A1.03.Ope-Hou_121.JPG,raw_data/A1.03/A1.03.Ope-Hou_121.JPG,
13,A1.03,A1,A1.03.Ope-Hou_122.JPG,raw_data/A1.03/A1.03.Ope-Hou_122.JPG,
14,A1.03,A1,A1.03.Ope-Hou_125.JPG,raw_data/A1.03/A1.03.Ope-Hou_125.JPG,
14,A1.03,A1,A1.03.Ope-Hou_134.JPG,raw_data/A1.03/A1.03.Ope-Hou_134.JPG,
14,A1.03,A1,A1.03.Ope-Hou_42.JPG,raw_data/A1.03/A1.03.Ope-Hou_42.JPG,
15,A1.03,A1,A1.03.Ope-Hou_143.JPG,raw_data/A1.03/A1.03.Ope-Hou_143.JPG,
15,A1.03,A1,A1.03.Ope-Hou_144.JPG,raw_data/A1.03/A1.03.Ope-Hou_144.JPG,
16,A1.03,A1,A1.03.Ope-Hou_150.JPG,raw_data/A1.03/A1.03.Ope-Hou_150.JPG,
16,A1.03,A1,A1.03.Ope-Hou_61.JPG,raw_data/A1.03/A1.03.Ope-Hou_61.JPG,
17,A1.03,A1,A1.03.Ope-Hou_153.JPG,raw_data/A1.03/A1.03.Ope-Hou_153.JPG,
17,A1.03,A1,A1.03.Ope-Hou_154.JPG,raw_data/A1.03/A1.03.Ope-Hou_154.JPG,
18,A1.03,A1,A1.03.Ope-Hou_155.JPG,raw_data/A1.03/A1.03.Ope-Hou_155.JPG,
18,A1.03,A1,A1.03.Ope-Hou_156.JPG,raw_data/A1.03/A1.03.Ope-Hou_156.JPG,
19,A1.03,A1,A1.03.Ope-Hou_157.JPG,raw_data/A1.03/A1.03.Ope-Hou_157.JPG,
19,A1.03,A1,A1.03.Ope-Hou_158.JPG,raw_data/A1.03/A1.03.Ope-Hou_158.JPG,
20,A1.03,A1,A1.03.Ope-Hou_173.JPG,raw_data/A1.03/A1.03.Ope-Hou_173.JPG,
20,A1.03,A1,A1.03.Ope-Hou_174.JPG,raw_data/A1.03/A1.03.Ope-Hou_174.JPG,
21,A1.03,A1,A1.03.Ope-Hou_176.JPG,raw_data/A1.03/A1.03.Ope-Hou_176.JPG,
21,A1.03,A1,A1.03.Ope-Hou_177.JPG,raw_data/A1.03/A1.03.Ope-Hou_177.JPG,
22,A1.03,A1,A1.03.Ope-Hou_211.JPG,raw_data/A1.03/A1.03.Ope-Hou_211.JPG,
22,A1.03,A1,A1.03.Ope-Hou_212.JPG,raw_data/A1.03/A1.03.Ope-Hou_212.JPG,
23,A1.03,A1,A1.03.Ope-Hou_218.JPG,raw_data/A1.03/A1.03.Ope-Hou_218.JPG,
23,A1.03,A1,A1.03.Ope-Hou_219.JPG,raw_data/A1.03/A1.03.Ope-Hou_219.JPG,
24,A1.03,A1,A1.03.Ope-Hou_221.JPG,raw_data/A1.03/A1.03.Ope-Hou_221.JPG,
24,A1.03,A1,A1.03.Ope-Hou_222.JPG,raw_data/A1.03/A1.03.Ope-Hou_222.JPG,
25,A1.03,A1,A1.03.Ope-Hou_227.JPG,raw_data/A1.03/A1.03.Ope-Hou_227.JPG,
25,A1.03,A1,A1.03.Ope-Hou_228.JPG,raw_data/A1.03/A1.03.Ope-Hou_228.JPG,
26,A1.03,A1,A1.03.Ope-Hou_231.JPG,raw_data/A1.03/A1.03.Ope-Hou_231.JPG,
26,A1.03,A1,A1.03.Ope-Hou_232.JPG,raw_data/A1.03/A1.03.Ope-Hou_232.JPG,
27,A1.03,A1,A1.03.Ope-Hou_235.JPG,raw_data/A1.03/A1.03.Ope-Hou_235.JPG,
27,A1.03,A1,A1.03.Ope-Hou_236.JPG,raw_data/A1.03/A1.03.Ope-Hou_236.JPG,
28,A1.03,A1,A1.03.Ope-Hou_247.JPG,raw_data/A1.03/A1.03.Ope-Hou_247.JPG,
28,A1.03,A1,A1.03.Ope-Hou_248.JPG,raw_data/A1.03/A1.03.Ope-Hou_248.JPG,
29,A1.03,A1,A1.03.Ope-Hou_265.JPG,raw_data/A1.03/A1.03.Ope-Hou_265.JPG,
29,A1.03,A1,A1.03.Ope-Hou_266.JPG,raw_data/A1.03/A1.03.Ope-Hou_266.JPG,
30,A1.03,A1,A1.03.Ope-Hou_66.JPG,raw_data/A1.03/A1.03.Ope-Hou_66.JPG,
30,A1.03,A1,A1.03.Ope-Hou_67.JPG,raw_data/A1.03/A1.03.Ope-Hou_67.JPG,
31,A1.03,A1,A1.03.Ope-Hou_71.JPG,raw_data/A1.03/A1.03.Ope-Hou_71.JPG,
31,A1.03,A1,A1.03.Ope-Hou_72.JPG,raw_data/A1.03/A1.03.Ope-Hou_72.JPG,
32,A1.03,A1,A1.03.Ope-Hou_92.JPG,raw_data/A1.03/A1.03.Ope-Hou_92.JPG,
32,A1.03,A1,A1.03.Ope-Hou_93.JPG,raw_data/A1.03/A1.03.Ope-Hou_93.JPG,
33,A1.04,A1,A1.04.HCM-Mus_56.jpg,raw_data/A1.04/A1.04.HCM-Mus_56.jpg,
33,A1.04,A1,A1.04.HCM-Mus_58.jpg,raw_data/A1.04/A1.04.HCM-Mus_58.jpg,
34,A1.04,A1,A1.04.HCM-Mus_65.jpg,raw_data/A1.04/A1.04.HCM-Mus_65.jpg,
34,A1.04,A1,A1.04.HCM-Mus_68.jpg,raw_data/A1.04/A1.04.HCM-Mus_68.jpg,
35,A1.06,A1,A1.06.TDN-Sch_08.JPG,raw_data/A1.06/A1.06.TDN-Sch_08.JPG,
35,A1.06,A1,DSC06401.JPG,raw_data/A1.06/DSC06401.JPG,
36,A1.06,A1,A1.06.TDN-Sch_09.JPG,raw_data/A1.06/A1.06.TDN-Sch_09.JPG,
36,A1.06,A1,DSC06400.JPG,raw_data/A1.06/DSC06400.JPG,
37,A1.06,A1,A1.06.TDN-Sch_10.JPG,raw_data/A1.06/A1.06.TDN-Sch_10.JPG,
37,A1.06,A1,DSC06399.JPG,raw_data/A1.06/DSC06399.JPG,
38,A1.06,A1,A1.06.TDN-Sch_100.JPG,raw_data/A1.06/A1.06.TDN-Sch_100.JPG,
38,A1.06,A1,DSC06158.JPG,raw_data/A1.06/DSC06158.JPG,
39,A1.06,A1,A1.06.TDN-Sch_101.JPG,raw_data/A1.06/A1.06.TDN-Sch_101.JPG,
39,A1.06,A1,DSC06157.JPG,raw_data/A1.06/DSC06157.JPG,
40,A1.06,A1,A1.06.TDN-Sch_102.JPG,raw_data/A1.06/A1.06.TDN-Sch_102.JPG,
40,A1.06,A1,DSC06156.JPG,raw_data/A1.06/DSC06156.JPG,
41,A1.06,A1,A1.06.TDN-Sch_104.JPG,raw_data/A1.06/A1.06.TDN-Sch_104.JPG,
41,A1.06,A1,DSC06154.JPG,raw_data/A1.06/DSC06154.JPG,
42,A1.06,A1,A1.06.TDN-Sch_106.JPG,raw_data/A1.06/A1.06.TDN-Sch_106.JPG,
42,A1.06,A1,DSC06149.JPG,raw_data/A1.06/DSC06149.JPG,
43,A1.06,A1,A1.06.TDN-Sch_11.JPG,raw_data/A1.06/A1.06.TDN-Sch_11.JPG,
43,A1.06,A1,A1.06.TDN-Sch_12.JPG,raw_data/A1.06/A1.06.TDN-Sch_12.JPG,
43,A1.06,A1,DSC06397.JPG,raw_data/A1.06/DSC06397.JPG,
43,A1.06,A1,DSC06398.JPG,raw_data/A1.06/DSC06398.JPG,
44,A1.06,A1,A1.06.TDN-Sch_111.JPG,raw_data/A1.06/A1.06.TDN-Sch_111.JPG,
44,A1.06,A1,DSC06142.JPG,raw_data/A1.06/DSC06142.JPG,
45,A1.06,A1,A1.06.TDN-Sch_112.JPG,raw_data/A1.06/A1.06.TDN-Sch_112.JPG,
45,A1.06,A1,DSC06141.JPG,raw_data/A1.06/DSC06141.JPG,
46,A1.06,A1,A1.06.TDN-Sch_113.JPG,raw_data/A1.06/A1.06.TDN-Sch_113.JPG,
46,A1.06,A1,DSC06140.JPG,raw_data/A1.06/DSC06140.JPG,
47,A1.06,A1,A1.06.TDN-Sch_114.JPG,raw_data/A1.06/A1.06.TDN-Sch_114.JPG,
47,A1.06,A1,DSC06137.JPG,raw_data/A1.06/DSC06137.JPG,
48,A1.06,A1,A1.06.TDN-Sch_115.JPG,raw_data/A1.06/A1.06.TDN-Sch_115.JPG,
48,A1.06,A1,DSC06136.JPG,raw_data/A1.06/DSC06136.JPG,
49,A1.06,A1,A1.06.TDN-Sch_116.JPG,raw_data/A1.06/A1.06.TDN-Sch_116.JPG,
49,A1.06,A1,DSC06135.JPG,raw_data/A1.06/DSC06135.JPG,
50,A1.06,A1,A1.06.TDN-Sch_117.JPG,raw_data/A1.06/A1.06.TDN-Sch_117.JPG,
50,A1.06,A1,DSC06134.JPG,raw_data/A1.06/DSC06134.JPG,
51,A1.06,A1,A1.06.TDN-Sch_118.JPG,raw_data/A1.06/A1.06.TDN-Sch_118.JPG,
51,A1.06,A1,DSC06133.JPG,raw_data/A1.06/DSC06133.JPG,
52,A1.06,A1,A1.06.TDN-Sch_119.JPG,raw_data/A1.06/A1.06.TDN-Sch_119.JPG,
52,A1.06,A1,DSC06132.JPG,raw_data/A1.06/DSC06132.JPG,
53,A1.06,A1,A1.06.TDN-Sch_120.JPG,raw_data/A1.06/A1.06.TDN-Sch_120.JPG,
53,A1.06,A1,DSC06131.JPG,raw_data/A1.06/DSC06131.JPG,
54,A1.06,A1,A1.06.TDN-Sch_121.JPG,raw_data/A1.06/A1.06.TDN-Sch_121.JPG,
54,A1.06,A1,DSC06130.JPG,raw_data/A1.06/DSC06130.JPG,
55,A1.06,A1,A1.06.TDN-Sch_122.JPG,raw_data/A1.06/A1.06.TDN-Sch_122.JPG,
55,A1.06,A1,DSC06129.JPG,raw_data/A1.06/DSC06129.JPG,
56,A1.06,A1,A1.06.TDN-Sch_123.JPG,raw_data/A1.06/A1.06.TDN-Sch_123.JPG,
56,A1.06,A1,DSC06128.JPG,raw_data/A1.06/DSC06128.JPG,
57,A1.06,A1,A1.06.TDN-Sch_124.JPG,raw_data/A1.06/A1.06.TDN-Sch_124.JPG,
57,A1.06,A1,DSC06123.JPG,raw_data/A1.06/DSC06123.JPG,
58,A1.06,A1,A1.06.TDN-Sch_125.JPG,raw_data/A1.06/A1.06.TDN-Sch_125.JPG,
58,A1.06,A1,DSC06121.JPG,raw_data/A1.06/DSC06121.JPG,
59,A1.06,A1,A1.06.TDN-Sch_126.JPG,raw_data/A1.06/A1.06.TDN-Sch_126.JPG,
59,A1.06,A1,DSC06119.JPG,raw_data/A1.06/DSC06119.JPG,
60,A1.06,A1,A1.06.TDN-Sch_127.JPG,raw_data/A1.06/A1.06.TDN-Sch_127.JPG,
60,A1.06,A1,DSC06116.JPG,raw_data/A1.06/DSC06116.JPG,
61,A1.06,A1,A1.06.TDN-Sch_128.JPG,raw_data/A1.06/A1.06.TDN-Sch_128.JPG,
61,A1.06,A1,DSC06115.JPG,raw_data/A1.06/DSC06115.JPG,
62,A1.06,A1,A1.06.TDN-Sch_129.JPG,raw_data/A1.06/A1.06.TDN-Sch_129.JPG,
62,A1.06,A1,DSC06112.JPG,raw_data/A1.06/DSC06112.JPG,
63,A1.06,A1,A1.06.TDN-Sch_13.JPG,raw_data/A1.06/A1.06.TDN-Sch_13.JPG,
63,A1.06,A1,A1.06.TDN-Sch_14.JPG,raw_data/A1.06/A1.06.TDN-Sch_14.JPG,
63,A1.06,A1,A1.06.TDN-Sch_35.JPG,raw_data/A1.06/A1.06.TDN-Sch_35.JPG,
63,A1.06,A1,DSC06363.JPG,raw_data/A1.06/DSC06363.JPG,
63,A1.06,A1,DSC06395.JPG,raw_data/A1.06/DSC06395.JPG,
63,A1.06,A1,DSC06396.JPG,raw_data/A1.06/DSC06396.JPG,
64,A1.06,A1,A1.06.TDN-Sch_130.JPG,raw_data/A1.06/A1.06.TDN-Sch_130.JPG,
64,A1.06,A1,DSC06111.JPG,raw_data/A1.06/DSC06111.JPG,
65,A1.06,A1,A1.06.TDN-Sch_131.JPG,raw_data/A1.06/A1.06.TDN-Sch_131.JPG,
65,A1.06,A1,DSC06110.JPG,raw_data/A1.06/DSC06110.JPG,
66,A1.06,A1,A1.06.TDN-Sch_132.JPG,raw_data/A1.06/A1.06.TDN-Sch_132.JPG,
66,A1.06,A1,DSC06108.JPG,raw_data/A1.06/DSC06108.JPG,
67,A1.06,A1,A1.06.TDN-Sch_133.JPG,raw_data/A1.06/A1.06.TDN-Sch_133.JPG,
67,A1.06,A1,DSC06106.JPG,raw_data/A1.06/DSC06106.JPG,
68,A1.06,A1,A1.06.TDN-Sch_134.JPG,raw_data/A1.06/A1.06.TDN-Sch_134.JPG,
68,A1.06,A1,DSC06103.JPG,raw_data/A1.06/DSC06103.JPG,
69,A1.06,A1,A1.06.TDN-Sch_135.JPG,raw_data/A1.06/A1.06.TDN-Sch_135.JPG,
69,A1.06,A1,DSC06102.JPG,raw_data/A1.06/DSC06102.JPG,
70,A1.06,A1,A1.06.TDN-Sch_136.JPG,raw_data/A1.06/A1.06.TDN-Sch_136.JPG,
70,A1.06,A1,DSC06101.JPG,raw_data/A1.06/DSC06101.JPG,
71,A1.06,A1,A1.06.TDN-Sch_137.JPG,raw_data/A1.06/A1.06.TDN-Sch_137.JPG,
71,A1.06,A1,DSC06099.JPG,raw_data/A1.06/DSC06099.JPG,
72,A1.06,A1,A1.06.TDN-Sch_138.JPG,raw_data/A1.06/A1.06.TDN-Sch_138.JPG,
72,A1.06,A1,DSC06098.JPG,raw_data/A1.06/DSC06098.JPG,
73,A1.06,A1,A1.06.TDN-Sch_139.JPG,raw_data/A1.06/A1.06.TDN-Sch_139.JPG,
73,A1.06,A1,DSC06090.JPG,raw_data/A1.06/DSC06090.JPG,
74,A1.06,A1,A1.06.TDN-Sch_140.JPG,raw_data/A1.06/A1.06.TDN-Sch_140.JPG,
74,A1.06,A1,DSC06089.JPG,raw_data/A1.06/DSC06089.JPG,
75,A1.06,A1,A1.06.TDN-Sch_141.JPG,raw_data/A1.06/A1.06.TDN-Sch_141.JPG,
75,A1.06,A1,A1.06.TDN-Sch_142.JPG,raw_data/A1.06/A1.06.TDN-Sch_142.JPG,
75,A1.06,A1,DSC06087.JPG,raw_data/A1.06/DSC06087.JPG,
75,A1.06,A1,DSC06088.JPG,raw_data/A1.06/DSC06088.JPG,
76,A1.06,A1,A1.06.TDN-Sch_143.JPG,raw_data/A1.06/A1.06.TDN-Sch_143.JPG,
76,A1.06,A1,DSC06085.JPG,raw_data/A1.06/DSC06085.JPG,
77,A1.06,A1,A1.06.TDN-Sch_144.JPG,raw_data/A1.06/A1.06.TDN-Sch_144.JPG,
77,A1.06,A1,DSC06084.JPG,raw_data/A1.06/DSC06084.JPG,
78,A1.06,A1,A1.06.TDN-Sch_145.JPG,raw_data/A1.06/A1.06.TDN-Sch_145.JPG,
78,A1.06,A1,DSC06083.JPG,raw_data/A1.06/DSC06083.JPG,
79,A1.06,A1,A1.06.TDN-Sch_146.JPG,raw_data/A1.06/A1.06.TDN-Sch_146.JPG,
79,A1.06,A1,DSC06081.JPG,raw_data/A1.06/DSC06081.JPG,
80,A1.06,A1,A1.06.TDN-Sch_147.JPG,raw_data/A1.06/A1.06.TDN-Sch_147.JPG,
80,A1.06,A1,DSC06067.JPG,raw_data/A1.06/DSC06067.JPG,
81,A1.06,A1,A1.06.TDN-Sch_148.JPG,raw_data/A1.06/A1.06.TDN-Sch_148.JPG,
81,A1.06,A1,DSC06066.JPG,raw_data/A1.06/DSC06066.JPG,
82,A1.06,A1,A1.06.TDN-Sch_149.JPG,raw_data/A1.06/A1.06.TDN-Sch_149.JPG,
82,A1.06,A1,DSC06065.JPG,raw_data/A1.06/DSC06065.JPG,
83,A1.06,A1,A1.06.TDN-Sch_150.JPG,raw_data/A1.06/A1.06.TDN-Sch_150.JPG,
83,A1.06,A1,DSC06064.JPG,raw_data/A1.06/DSC06064.JPG,
84,A1.06,A1,A1.06.TDN-Sch_151.JPG,raw_data/A1.06/A1.06.TDN-Sch_151.JPG,
84,A1.06,A1,DSC06061.JPG,raw_data/A1.06/DSC06061.JPG,
85,A1.06,A1,A1.06.TDN-Sch_152.JPG,raw_data/A1.06/A1.06.TDN-Sch_152.JPG,
85,A1.06,A1,DSC06060.JPG,raw_data/A1.06/DSC06060.JPG,
86,A1.06,A1,A1.06.TDN-Sch_153.JPG,raw_data/A1.06/A1.06.TDN-Sch_153.JPG,
86,A1.06,A1,DSC06057.JPG,raw_data/A1.06/DSC06057.JPG,
87,A1.06,A1,A1.06.TDN-Sch_154.JPG,raw_data/A1.06/A1.06.TDN-Sch_154.JPG,
87,A1.06,A1,DSC06056.JPG,raw_data/A1.06/DSC06056.JPG,
88,A1.06,A1,A1.06.TDN-Sch_155.JPG,raw_data/A1.06/A1.06.TDN-Sch_155.JPG,
88,A1.06,A1,DSC06044.JPG,raw_data/A1.06/DSC06044.JPG,
89,A1.06,A1,A1.06.TDN-Sch_156.JPG,raw_data/A1.06/A1.06.TDN-Sch_156.JPG,
89,A1.06,A1,DSC06040.JPG,raw_data/A1.06/DSC06040.JPG,
90,A1.06,A1,A1.06.TDN-Sch_157.JPG,raw_data/A1.06/A1.06.TDN-Sch_157.JPG,
90,A1.06,A1,DSC06038.JPG,raw_data/A1.06/DSC06038.JPG,
91,A1.06,A1,A1.06.TDN-Sch_158.JPG,raw_data/A1.06/A1.06.TDN-Sch_158.JPG,
91,A1.06,A1,DSC06036.JPG,raw_data/A1.06/DSC06036.JPG,
92,A1.06,A1,A1.06.TDN-Sch_160.JPG,raw_data/A1.06/A1.06.TDN-Sch_160.JPG,
92,A1.06,A1,DSC06034.JPG,raw_data/A1.06/DSC06034.JPG,
93,A1.06,A1,A1.06.TDN-Sch_162.JPG,raw_data/A1.06/A1.06.TDN-Sch_162.JPG,
93,A1.06,A1,DSC06003.JPG,raw_data/A1.06/DSC06003.JPG,
94,A1.06,A1,A1.06.TDN-Sch_163.JPG,raw_data/A1.06/A1.06.TDN-Sch_163.JPG,
94,A1.06,A1,DSC06002.JPG,raw_data/A1.06/DSC06002.JPG,
95,A1.06,A1,A1.06.TDN-Sch_164.JPG,raw_data/A1.06/A1.06.TDN-Sch_164.JPG,
95,A1.06,A1,DSC05992.JPG,raw_data/A1.06/DSC05992.JPG,
96,A1.06,A1,A1.06.TDN-Sch_165.JPG,raw_data/A1.06/A1.06.TDN-Sch_165.JPG,
96,A1.06,A1,DSC05991.JPG,raw_data/A1.06/DSC05991.JPG,
97,A1.06,A1,A1.06.TDN-Sch_166.JPG,raw_data/A1.06/A1.06.TDN-Sch_166.JPG,
97,A1.06,A1,DSC05964.JPG,raw_data/A1.06/DSC05964.JPG,
98,A1.06,A1,A1.06.TDN-Sch_167.JPG,raw_data/A1.06/A1.06.TDN-Sch_167.JPG,
98,A1.06,A1,DSC05963.JPG,raw_data/A1.06/DSC05963.JPG,
99,A1.06,A1,A1.06.TDN-Sch_168.JPG,raw_data/A1.06/A1.06.TDN-Sch_168.JPG,
99,A1.06,A1,DSC05962.JPG,raw_data/A1.06/DSC05962.JPG,
100,A1.06,A1,A1.06.TDN-Sch_169.JPG,raw_data/A1.06/A1.06.TDN-Sch_169.JPG,
100,A1.06,A1,DSC05954.JPG,raw_data/A1.06/DSC05954.JPG,
101,A1.06,A1,A1.06.TDN-Sch_170.JPG,raw_data/A1.06/A1.06.TDN-Sch_170.JPG,
101,A1.06,A1,DSC05953.JPG,raw_data/A1.06/DSC05953.JPG,
102,A1.06,A1,A1.06.TDN-Sch_171.JPG,raw_data/A1.06/A1.06.TDN-Sch_171.JPG,
102,A1.06,A1,DSC05902.JPG,raw_data/A1.06/DSC05902.JPG,
103,A1.06,A1,A1.06.TDN-Sch_172.JPG,raw_data/A1.06/A1.06.TDN-Sch_172.JPG,
103,A1.06,A1,DSC05890.JPG,raw_data/A1.06/DSC05890.JPG,
104,A1.06,A1,A1.06.TDN-Sch_18.JPG,raw_data/A1.06/A1.06.TDN-Sch_18.JPG,
104,A1.06,A1,DSC06389.JPG,raw_data/A1.06/DSC06389.JPG,
105,A1.06,A1,A1.06.TDN-Sch_20.JPG,raw_data/A1.06/A1.06.TDN-Sch_20.JPG,
105,A1.06,A1,DSC06383.JPG,raw_data/A1.06/DSC06383.JPG,
106,A1.06,A1,A1.06.TDN-Sch_21.JPG,raw_data/A1.06/A1.06.TDN-Sch_21.JPG,
106,A1.06,A1,DSC06381.JPG,raw_data/A1.06/DSC06381.JPG,
107,A1.06,A1,A1.06.TDN-Sch_25.JPG,raw_data/A1.06/A1.06.TDN-Sch_25.JPG,
107,A1.06,A1,DSC06377.JPG,raw_data/A1.06/DSC06377.JPG,
108,A1.06,A1,A1.06.TDN-Sch_26.JPG,raw_data/A1.06/A1.06.TDN-Sch_26.JPG,
108,A1.06,A1,DSC06376.JPG,raw_data/A1.06/DSC06376.JPG,
109,A1.06,A1,A1.06.TDN-Sch_27.JPG,raw_data/A1.06/A1.06.TDN-Sch_27.JPG,
109,A1.06,A1,DSC06375.JPG,raw_data/A1.06/DSC06375.JPG,
110,A1.06,A1,A1.06.TDN-Sch_28.JPG,raw_data/A1.06/A1.06.TDN-Sch_28.JPG,
110,A1.06,A1,DSC06374.JPG,raw_data/A1.06/DSC06374.JPG,
111,A1.06,A1,A1.06.TDN-Sch_29.JPG,raw_data/A1.06/A1.06.TDN-Sch_29.JPG,
111,A1.06,A1,DSC06373.JPG,raw_data/A1.06/DSC06373.JPG,
112,A1.06,A1,A1.06.TDN-Sch_30.JPG,raw_data/A1.06/A1.06.TDN-Sch_30.JPG,
112,A1.06,A1,DSC06371.JPG,raw_data/A1.06/DSC06371.JPG,
113,A1.06,A1,A1.06.TDN-Sch_31.JPG,raw_data/A1.06/A1.06.TDN-Sch_31.JPG,
113,A1.06,A1,DSC06368.JPG,raw_data/A1.06/DSC06368.JPG,
114,A1.06,A1,A1.06.TDN-Sch_32.JPG,raw_data/A1.06/A1.06.TDN-Sch_32.JPG,
114,A1.06,A1,DSC06367.JPG,raw_data/A1.06/DSC06367.JPG,
115,A1.06,A1,A1.06.TDN-Sch_33.JPG,raw_data/A1.06/A1.06.TDN-Sch_33.JPG,
115,A1.06,A1,DSC06365.JPG,raw_data/A1.06/DSC06365.JPG,
116,A1.06,A1,A1.06.TDN-Sch_34.JPG,raw_data/A1.06/A1.06.TDN-Sch_34.JPG,
116,A1.06,A1,DSC06364.JPG,raw_data/A1.06/DSC06364.JPG,
117,A1.06,A1,A1.06.TDN-Sch_36.JPG,raw_data/A1.06/A1.06.TDN-Sch_36.JPG,
117,A1.06,A1,DSC06358.JPG,raw_data/A1.06/DSC06358.JPG,
118,A1.06,A1,A1.06.TDN-Sch_38.JPG,raw_data/A1.06/A1.06.TDN-Sch_38.JPG,
118,A1.06,A1,DSC06355.JPG,raw_data/A1.06/DSC06355.JPG,
119,A1.06,A1,A1.06.TDN-Sch_42.JPG,raw_data/A1.06/A1.06.TDN-Sch_42.JPG,
119,A1.06,A1,DSC06348.JPG,raw_data/A1.06/DSC06348.JPG,
120,A1.06,A1,A1.06.TDN-Sch_46.JPG,raw_data/A1.06/A1.06.TDN-Sch_46.JPG,
120,A1.06,A1,A1.06.TDN-Sch_47.JPG,raw_data/A1.06/A1.06.TDN-Sch_47.JPG,
120,A1.06,A1,DSC06339.JPG,raw_data/A1.06/DSC06339.JPG,
120,A1.06,A1,DSC06340.JPG,raw_data/A1.06/DSC06340.JPG,
121,A1.06,A1,A1.06.TDN-Sch_48.JPG,raw_data/A1.06/A1.06.TDN-Sch_48.JPG,
121,A1.06,A1,DSC06335.JPG,raw_data/A1.06/DSC06335.JPG,
122,A1.06,A1,A1.06.TDN-Sch_49.JPG,raw_data/A1.06/A1.06.TDN-Sch_49.JPG,
122,A1.06,A1,DSC06332.JPG,raw_data/A1.06/DSC06332.JPG,
123,A1.06,A1,A1.06.TDN-Sch_50.JPG,raw_data/A1.06/A1.06.TDN-Sch_50.JPG,
123,A1.06,A1,DSC06331.JPG,raw_data/A1.06/DSC06331.JPG,
124,A1.06,A1,A1.06.TDN-Sch_51.JPG,raw_data/A1.06/A1.06.TDN-Sch_51.JPG,
124,A1.06,A1,DSC06329.JPG,raw_data/A1.06/DSC06329.JPG,
125,A1.06,A1,A1.06.TDN-Sch_52.JPG,raw_data/A1.06/A1.06.TDN-Sch_52.JPG,
125,A1.06,A1,DSC06325.JPG,raw_data/A1.06/DSC06325.JPG,
126,A1.06,A1,A1.06.TDN-Sch_53.JPG,raw_data/A1.06/A1.06.TDN-Sch_53.JPG,
126,A1.06,A1,DSC06324.JPG,raw_data/A1.06/DSC06324.JPG,
127,A1.06,A1,A1.06.TDN-Sch_54.JPG,raw_data/A1.06/A1.06.TDN-Sch_54.JPG,
127,A1.06,A1,DSC06323.JPG,raw_data/A1.06/DSC06323.JPG,
128,A1.06,A1,A1.06.TDN-Sch_55.JPG,raw_data/A1.06/A1.06.TDN-Sch_55.JPG,
128,A1.06,A1,DSC06321.JPG,raw_data/A1.06/DSC06321.JPG,
129,A1.06,A1,A1.06.TDN-Sch_56.JPG,raw_data/A1.06/A1.06.TDN-Sch_56.JPG,
129,A1.06,A1,DSC06320.JPG,raw_data/A1.06/DSC06320.JPG,
130,A1.06,A1,A1.06.TDN-Sch_57.JPG,raw_data/A1.06/A1.06.TDN-Sch_57.JPG,
130,A1.06,A1,DSC06319.JPG,raw_data/A1.06/DSC06319.JPG,
131,A1.06,A1,A1.06.TDN-Sch_58.JPG,raw_data/A1.06/A1.06.TDN-Sch_58.JPG,
131,A1.06,A1,DSC06318.JPG,raw_data/A1.06/DSC06318.JPG,
132,A1.06,A1,A1.06.TDN-Sch_59.JPG,raw_data/A1.06/A1.06.TDN-Sch_59.JPG,
132,A1.06,A1,DSC06317.JPG,raw_data/A1.06/DSC06317.JPG,
133,A1.06,A1,A1.06.TDN-Sch_60.JPG,raw_data/A1.06/A1.06.TDN-Sch_60.JPG,
133,A1.06,A1,DSC06316.JPG,raw_data/A1.06/DSC06316.JPG,
134,A1.06,A1,A1.06.TDN-Sch_61.JPG,raw_data/A1.06/A1.06.TDN-Sch_61.JPG,
134,A1.06,A1,DSC06315.JPG,raw_data/A1.06/DSC06315.JPG,
135,A1.06,A1,A1.06.TDN-Sch_62.JPG,raw_data/A1.06/A1.06.TDN-Sch_62.JPG,
135,A1.06,A1,DSC06314.JPG,raw_data/A1.06/DSC06314.JPG,
136,A1.06,A1,A1.06.TDN-Sch_63.JPG,raw_data/A1.06/A1.06.TDN-Sch_63.JPG,
136,A1.06,A1,DSC06313.JPG,raw_data/A1.06/DSC06313.JPG,
137,A1.06,A1,A1.06.TDN-Sch_64.JPG,raw_data/A1.06/A1.06.TDN-Sch_64.JPG,
137,A1.06,A1,A1.06.TDN-Sch_65.JPG,raw_data/A1.06/A1.06.TDN-Sch_65.JPG,
137,A1.06,A1,DSC06311.JPG,raw_data/A1.06/DSC06311.JPG,
137,A1.06,A1,DSC06312.JPG,raw_data/A1.06/DSC06312.JPG,
138,A1.06,A1,A1.06.TDN-Sch_66.JPG,raw_data/A1.06/A1.06.TDN-Sch_66.JPG,
138,A1.06,A1,DSC06310.JPG,raw_data/A1.06/DSC06310.JPG,
139,A1.06,A1,A1.06.TDN-Sch_67.JPG,raw_data/A1.06/A1.06.TDN-Sch_67.JPG,
139,A1.06,A1,DSC06309.JPG,raw_data/A1.06/DSC06309.JPG,
140,A1.06,A1,A1.06.TDN-Sch_68.JPG,raw_data/A1.06/A1.06.TDN-Sch_68.JPG,
140,A1.06,A1,DSC06308.JPG,raw_data/A1.06/DSC06308.JPG,
141,A1.06,A1,A1.06.TDN-Sch_69.JPG,raw_data/A1.06/A1.06.TDN-Sch_69.JPG,
141,A1.06,A1,DSC06307.JPG,raw_data/A1.06/DSC06307.JPG,
142,A1.06,A1,A1.06.TDN-Sch_70.JPG,raw_data/A1.06/A1.06.TDN-Sch_70.JPG,
142,A1.06,A1,DSC06302.JPG,raw_data/A1.06/DSC06302.JPG,
143,A1.06,A1,A1.06.TDN-Sch_71.JPG,raw_data/A1.06/A1.06.TDN-Sch_71.JPG,
143,A1.06,A1,DSC06301.JPG,raw_data/A1.06/DSC06301.JPG,
144,A1.06,A1,A1.06.TDN-Sch_72.JPG,raw_data/A1.06/A1.06.TDN-Sch_72.JPG,
144,A1.06,A1,DSC06300.JPG,raw_data/A1.06/DSC06300.JPG,
145,A1.06,A1,A1.06.TDN-Sch_73.JPG,raw_data/A1.06/A1.06.TDN-Sch_73.JPG,
145,A1.06,A1,DSC06298.JPG,raw_data/A1.06/DSC06298.JPG,
146,A1.06,A1,A1.06.TDN-Sch_74.JPG,raw_data/A1.06/A1.06.TDN-Sch_74.JPG,
146,A1.06,A1,DSC06297.JPG,raw_data/A1.06/DSC06297.JPG,
147,A1.06,A1,A1.06.TDN-Sch_75.JPG,raw_data/A1.06/A1.06.TDN-Sch_75.JPG,
147,A1.06,A1,DSC06291.JPG,raw_data/A1.06/DSC06291.JPG,
148,A1.06,A1,A1.06.TDN-Sch_76.JPG,raw_data/A1.06/A1.06.TDN-Sch_76.JPG,
148,A1.06,A1,A1.06.TDN-Sch_77.JPG,raw_data/A1.06/A1.06.TDN-Sch_77.JPG,
148,A1.06,A1,DSC06284.JPG,raw_data/A1.06/DSC06284.JPG,
148,A1.06,A1,DSC06285.JPG,raw_data/A1.06/DSC06285.JPG,
149,A1.06,A1,A1.06.TDN-Sch_78.JPG,raw_data/A1.06/A1.06.TDN-Sch_78.JPG,
149,A1.06,A1,DSC06283.JPG,raw_data/A1.06/DSC06283.JPG,
150,A1.06,A1,A1.06.TDN-Sch_79.JPG,raw_data/A1.06/A1.06.TDN-Sch_79.JPG,
150,A1.06,A1,DSC06281.JPG,raw_data/A1.06/DSC06281.JPG,
151,A1.06,A1,A1.06.TDN-Sch_80.JPG,raw_data/A1.06/A1.06.TDN-Sch_80.JPG,
151,A1.06,A1,DSC06280.JPG,raw_data/A1.06/DSC06280.JPG,
152,A1.06,A1,A1.06.TDN-Sch_81.JPG,raw_data/A1.06/A1.06.TDN-Sch_81.JPG,
152,A1.06,A1,DSC06277.JPG,raw_data/A1.06/DSC06277.JPG,
153,A1.06,A1,A1.06.TDN-Sch_82.JPG,raw_data/A1.06/A1.06.TDN-Sch_82.JPG,
153,A1.06,A1,DSC06275.JPG,raw_data/A1.06/DSC06275.JPG,
154,A1.06,A1,A1.06.TDN-Sch_83.JPG,raw_data/A1.06/A1.06.TDN-Sch_83.JPG,
154,A1.06,A1,DSC06273.JPG,raw_data/A1.06/DSC06273.JPG,
155,A1.06,A1,A1.06.TDN-Sch_84.JPG,raw_data/A1.06/A1.06.TDN-Sch_84.JPG,
155,A1.06,A1,DSC06272.JPG,raw_data/A1.06/DSC06272.JPG,
156,A1.06,A1,A1.06.TDN-Sch_85.JPG,raw_data/A1.06/A1.06.TDN-Sch_85.JPG,
156,A1.06,A1,DSC06269.JPG,raw_data/A1.06/DSC06269.JPG,
157,A1.06,A1,A1.06.TDN-Sch_86.JPG,raw_data/A1.06/A1.06.TDN-Sch_86.JPG,
157,A1.06,A1,DSC06268.JPG,raw_data/A1.06/DSC06268.JPG,
158,A1.06,A1,A1.06.TDN-Sch_87.JPG,raw_data/A1.06/A1.06.TDN-Sch_87.JPG,
158,A1.06,A1,DSC06267.JPG,raw_data/A1.06/DSC06267.JPG,
159,A1.06,A1,A1.06.TDN-Sch_88.JPG,raw_data/A1.06/A1.06.TDN-Sch_88.JPG,
159,A1.06,A1,DSC06266.JPG,raw_data/A1.06/DSC06266.JPG,
160,A1.06,A1,A1.06.TDN-Sch_89.JPG,raw_data/A1.06/A1.06.TDN-Sch_89.JPG,
160,A1.06,A1,DSC06264.JPG,raw_data/A1.06/DSC06264.JPG,
161,A1.06,A1,A1.06.TDN-Sch_90.JPG,raw_data/A1.06/A1.06.TDN-Sch_90.JPG,
161,A1.06,A1,DSC06263.JPG,raw_data/A1.06/DSC06263.JPG,
162,A1.06,A1,A1.06.TDN-Sch_91.JPG,raw_data/A1.06/A1.06.TDN-Sch_91.JPG,
162,A1.06,A1,DSC06188.JPG,raw_data/A1.06/DSC06188.JPG,
163,A1.06,A1,A1.06.TDN-Sch_93.JPG,raw_data/A1.06/A1.06.TDN-Sch_93.JPG,
163,A1.06,A1,DSC06171.JPG,raw_data/A1.06/DSC06171.JPG,
164,A1.06,A1,A1.06.TDN-Sch_94.JPG,raw_data/A1.06/A1.06.TDN-Sch_94.JPG,
164,A1.06,A1,DSC06166.JPG,raw_data/A1.06/DSC06166.JPG,
165,A1.06,A1,A1.06.TDN-Sch_95.JPG,raw_data/A1.06/A1.06.TDN-Sch_95.JPG,
165,A1.06,A1,DSC06164.JPG,raw_data/A1.06/DSC06164.JPG,
166,A1.06,A1,A1.06.TDN-Sch_96.JPG,raw_data/A1.06/A1.06.TDN-Sch_96.JPG,
166,A1.06,A1,DSC06163.JPG,raw_data/A1.06/DSC06163.JPG,
167,A1.06,A1,A1.06.TDN-Sch_97.JPG,raw_data/A1.06/A1.06.TDN-Sch_97.JPG,
167,A1.06,A1,DSC06162.JPG,raw_data/A1.06/DSC06162.JPG,
168,A1.06,A1,A1.06.TDN-Sch_98.JPG,raw_data/A1.06/A1.06.TDN-Sch_98.JPG,
168,A1.06,A1,DSC06161.JPG,raw_data/A1.06/DSC06161.JPG,
169,A1.06,A1,A1.06.TDN-Sch_99.JPG,raw_data/A1.06/A1.06.TDN-Sch_99.JPG,
169,A1.06,A1,DSC06159.JPG,raw_data/A1.06/DSC06159.JPG,
170,A1.07,A1,A1.07.Hot-Con_03.JPG,raw_data/A1.07/A1.07.Hot-Con_03.JPG,
170,A1.07,A1,A1.07.Hot-Con_04.JPG,raw_data/A1.07/A1.07.Hot-Con_04.JPG,
171,A1.07,A1,A1.07.Hot-Con_40.JPG,raw_data/A1.07/A1.07.Hot-Con_40.JPG,
171,A1.07,A1,A1.07.Hot-Con_41.JPG,raw_data/A1.07/A1.07.Hot-Con_41.JPG,
172,A1.07,A1,A1.07.Hot-Con_42.JPG,raw_data/A1.07/A1.07.Hot-Con_42.JPG,
172,A1.07,A1,A1.07.Hot-Con_43.JPG,raw_data/A1.07/A1.07.Hot-Con_43.JPG,
173,A1.07,A1,A1.07.Hot-Con_44.JPG,raw_data/A1.07/A1.07.Hot-Con_44.JPG,
173,A1.07,A1,A1.07.Hot-Con_45.JPG,raw_data/A1.07/A1.07.Hot-Con_45.JPG,
174,A1.07,A1,A1.07.Hot-Con_46.JPG,raw_data/A1.07/A1.07.Hot-Con_46.JPG,
174,A1.07,A1,A1.07.Hot-Con_47.JPG,raw_data/A1.07/A1.07.Hot-Con_47.JPG,
175,A1.07,A1,A1.07.Hot-Con_66.JPG,raw_data/A1.07/A1.07.Hot-Con_66.JPG,
175,A1.07,A1,A1.07.Hot-Con_67.JPG,raw_data/A1.07/A1.07.Hot-Con_67.JPG,
175,A1.07,A1,A1.07.Hot-Con_68.JPG,raw_data/A1.07/A1.07.Hot-Con_68.JPG,
176,A1.07,A1,A1.07.Hot-Con_72.JPG,raw_data/A1.07/A1.07.Hot-Con_72.JPG,
176,A1.07,A1,A1.07.Hot-Con_73.JPG,raw_data/A1.07/A1.07.Hot-Con_73.JPG,
176,A1.07,A1,A1.07.Hot-Con_74.JPG,raw_data/A1.07/A1.07.Hot-Con_74.JPG,
177,A1.07,A1,A1.07.Hot-Con_78.JPG,raw_data/A1.07/A1.07.Hot-Con_78.JPG,
177,A1.07,A1,A1.07.Hot-Con_79.JPG,raw_data/A1.07/A1.07.Hot-Con_79.JPG,
178,A1.07,A1,A1.07.Hot-Con_80.JPG,raw_data/A1.07/A1.07.Hot-Con_80.JPG,
178,A1.07,A1,A1.07.Hot-Con_81.JPG,raw_data/A1.07/A1.07.Hot-Con_81.JPG,
179,A1.08,A1,A1.08.MCH-Sch_41.JPG,raw_data/A1.08/A1.08.MCH-Sch_41.JPG,
179,A1.08,A1,A1.08.MCH-Sch_45.JPG,raw_data/A1.08/A1.08.MCH-Sch_45.JPG,
180,A1.11,A1,A1.11.LQD-Sch_16.JPG,raw_data/A1.11/A1.11.LQD-Sch_16.JPG,
180,A1.11,A1,A1.11.LQD-Sch_17.JPG,raw_data/A1.11/A1.11.LQD-Sch_17.JPG,
181,A1.24,A1,A1.24.Indo-Ban_137.JPG,raw_data/A1.24/A1.24.Indo-Ban_137.JPG,
181,A1.24,A1,A1.24.Indo-Ban_143.JPG,raw_data/A1.24/A1.24.Indo-Ban_143.JPG,
182,A1.24,A1,A1.24.Indo-Ban_181.JPG,raw_data/A1.24/A1.24.Indo-Ban_181.JPG,
182,A1.24,A1,A1.24.Indo-Ban_182.JPG,raw_data/A1.24/A1.24.Indo-Ban_182.JPG,
183,A1.24,A1,A1.24.Indo-Ban_293.JPG,raw_data/A1.24/A1.24.Indo-Ban_293.JPG,
183,A1.24,A1,A1.24.Indo-Ban_304.JPG,raw_data/A1.24/A1.24.Indo-Ban_304.JPG,
184,A1.24,A1,A1.24.Indo-Ban_314.JPG,raw_data/A1.24/A1.24.Indo-Ban_314.JPG,
184,A1.24,A1,A1.24.Indo-Ban_316.JPG,raw_data/A1.24/A1.24.Indo-Ban_316.JPG,
185,A1.26,A1,A1.26.Tan-Din_16.JPG,raw_data/A1.26/A1.26.Tan-Din_16.JPG,
185,A1.26,A1,A1.26.Tan-Din_20.JPG,raw_data/A1.26/A1.26.Tan-Din_20.JPG,
186,A1.38,A1,A1.38.HBT-Sch_08.JPG,raw_data/A1.38/A1.38.HBT-Sch_08.JPG,
186,A1.38,A1,A1.38.HBT-Sch_11.JPG,raw_data/A1.38/A1.38.HBT-Sch_11.JPG,
187,A1.44,A1,A1.44.Nor-Pal_07.jpg,raw_data/A1.44/A1.44.Nor-Pal_07.jpg,
187,A1.44,A1,A1.44.Nor-Pal_09.jpg,raw_data/A1.44/A1.44.Nor-Pal_09.jpg,
380,A1.04,A1,dinh-gia-long18.jpg,raw_data/HistoricVietnam-OldPics/A1.04/dinh-gia-long18.jpg,
380,A1.04,A1,dinh-gia-long8.jpg,raw_data/HistoricVietnam-OldPics/A1.04/dinh-gia-long8.jpg,
381,A1.06,A1,Institution-Taberd-2.jpg,raw_data/HistoricVietnam-OldPics/A1.06/Institution-Taberd-2.jpg,
381,A1.06,A1,Institution-Taberd.jpg,raw_data/HistoricVietnam-OldPics/A1.06/Institution-Taberd.jpg,
382,A1.07,A1,continental025.jpg,raw_data/HistoricVietnam-OldPics/A1.07/continental025.jpg,
382,A1.07,A1,continental10-1.jpg,raw_data/HistoricVietnam-OldPics/A1.07/continental10-1.jpg,
383,A1.15,A1,quan-y.jpg,raw_data/HistoricVietnam-OldPics/A1.15/quan-y.jpg,
383,A1.23,A1,quan-y.jpg,raw_data/HistoricVietnam-OldPics/A1.23/quan-y.jpg,
384,A1.15,A1,sp-2.jpg,raw_data/HistoricVietnam-OldPics/A1.15/sp-2.jpg,
384,A1.23,A1,sp-2.jpg,raw_data/HistoricVietnam-OldPics/A1.23/sp-2.jpg,
385,A1.15,A1,sp.jpg,raw_data/HistoricVietnam-OldPics/A1.15/sp.jpg,
385,A1.23,A1,sp.jpg,raw_data/HistoricVietnam-OldPics/A1.23/sp.jpg,
386,A1.17,A1,506977002_9480088942092335_919909853580806317_n.jpg,raw_data/HistoricVietnam-OldPics/A1.17/506977002_9480088942092335_919909853580806317_n.jpg,
386,A1.26,A1,506977002_9480088942092335_919909853580806317_n.jpg,raw_data/HistoricVietnam-OldPics/A1.26/506977002_9480088942092335_919909853580806317_n.jpg,
387,A1.17,A1,508155674_9480089022092327_7479884120031120485_n.jpg,raw_data/HistoricVietnam-OldPics/A1.17/508155674_9480089022092327_7479884120031120485_n.jpg,
387,A1.26,A1,508155674_9480089022092327_7479884120031120485_n.jpg,raw_data/HistoricVietnam-OldPics/A1.26/508155674_9480089022092327_7479884120031120485_n.jpg,
388,A1.17,A1,i.ex-cdn.com-chatluongvacuocsong.vn-files-content-2024-03-08-_dai-hoc-sai-gon-1-1010.jpg,raw_data/HistoricVietnam-OldPics/A1.17/i.ex-cdn.com-chatluongvacuocsong.vn-files-content-2024-03-08-_dai-hoc-sai-gon-1-1010.jpg,
388,A1.26,A1,i.ex-cdn.com-chatluongvacuocsong.vn-files-content-2024-03-08-_dai-hoc-sai-gon-1-1010.jpg,raw_data/HistoricVietnam-OldPics/A1.26/i.ex-cdn.com-chatluongvacuocsong.vn-files-content-2024-03-08-_dai-hoc-sai-gon-1-1010.jpg,
389,A1.17,A1,i.ex-cdn.com-chatluongvacuocsong.vn-files-content-2024-03-08-_truong-trung-hoc-phap-hoa-1012.jpg,raw_data/HistoricVietnam-OldPics/A1.17/i.ex-cdn.com-chatluongvacuocsong.vn-files-content-2024-03-08-_truong-trung-hoc-phap-hoa-1012.jpg,
389,A1.26,A1,i.ex-cdn.com-chatluongvacuocsong.vn-files-content-2024-03-08-_truong-trung-hoc-phap-hoa-1012.jpg,raw_data/HistoricVietnam-OldPics/A1.26/i.ex-cdn.com-chatluongvacuocsong.vn-files-content-2024-03-08-_truong-trung-hoc-phap-hoa-1012.jpg,
390,A1.19,A1,539491_470772469611693_1792253923_n.jpg,raw_data/HistoricVietnam-OldPics/A1.19/539491_470772469611693_1792253923_n.jpg,
390,A1.19,A1,wt.jpg,raw_data/HistoricVietnam-OldPics/A1.19/wt.jpg,
391,A1.34,A1,FC7ifTNh.jpg,raw_data/HistoricVietnam-OldPics/A1.34/FC7ifTNh.jpg,
391,A1.34,A1,majestic16.jpg,raw_data/HistoricVietnam-OldPics/A1.34/majestic16.jpg,
188,A2.01,A2,A2.01.Uni-Squa_100.JPG,raw_data/A2.01/A2.01.Uni-Squa_100.JPG,
188,A2.01,A2,A2.01.Uni-Squa_99.JPG,raw_data/A2.01/A2.01.Uni-Squa_99.JPG,
189,A2.01,A2,A2.01.Uni-Squa_103.JPG,raw_data/A2.01/A2.01.Uni-Squa_103.JPG,
189,A2.01,A2,A2.01.Uni-Squa_104.JPG,raw_data/A2.01/A2.01.Uni-Squa_104.JPG,
190,A2.01,A2,A2.01.Uni-Squa_116.JPG,raw_data/A2.01/A2.01.Uni-Squa_116.JPG,
190,A2.01,A2,A2.01.Uni-Squa_117.JPG,raw_data/A2.01/A2.01.Uni-Squa_117.JPG,
191,A2.01,A2,A2.01.Uni-Squa_129.JPG,raw_data/A2.01/A2.01.Uni-Squa_129.JPG,
191,A2.01,A2,A2.01.Uni-Squa_130.JPG,raw_data/A2.01/A2.01.Uni-Squa_130.JPG,
192,A2.01,A2,A2.01.Uni-Squa_131.JPG,raw_data/A2.01/A2.01.Uni-Squa_131.JPG,
192,A2.01,A2,A2.01.Uni-Squa_132.JPG,raw_data/A2.01/A2.01.Uni-Squa_132.JPG,
193,A2.01,A2,A2.01.Uni-Squa_138.JPG,raw_data/A2.01/A2.01.Uni-Squa_138.JPG,
193,A2.01,A2,A2.01.Uni-Squa_139.JPG,raw_data/A2.01/A2.01.Uni-Squa_139.JPG,
193,A2.01,A2,A2.01.Uni-Squa_140.JPG,raw_data/A2.01/A2.01.Uni-Squa_140.JPG,
193,A2.01,A2,A2.01.Uni-Squa_141.JPG,raw_data/A2.01/A2.01.Uni-Squa_141.JPG,
194,A2.01,A2,A2.01.Uni-Squa_142.JPG,raw_data/A2.01/A2.01.Uni-Squa_142.JPG,
194,A2.01,A2,A2.01.Uni-Squa_143.JPG,raw_data/A2.01/A2.01.Uni-Squa_143.JPG,
195,A2.01,A2,A2.01.Uni-Squa_145.JPG,raw_data/A2.01/A2.01.Uni-Squa_145.JPG,
195,A2.01,A2,A2.01.Uni-Squa_146.JPG,raw_data/A2.01/A2.01.Uni-Squa_146.JPG,
196,A2.01,A2,A2.01.Uni-Squa_71.JPG,raw_data/A2.01/A2.01.Uni-Squa_71.JPG,
196,A2.01,A2,A2.01.Uni-Squa_72.JPG,raw_data/A2.01/A2.01.Uni-Squa_72.JPG,
197,A2.01,A2,A2.01.Uni-Squa_73.JPG,raw_data/A2.01/A2.01.Uni-Squa_73.JPG,
197,A2.01,A2,A2.01.Uni-Squa_74.JPG,raw_data/A2.01/A2.01.Uni-Squa_74.JPG,
198,A2.01,A2,A2.01.Uni-Squa_76.JPG,raw_data/A2.01/A2.01.Uni-Squa_76.JPG,
198,A2.01,A2,A2.01.Uni-Squa_77.JPG,raw_data/A2.01/A2.01.Uni-Squa_77.JPG,
199,A2.01,A2,A2.01.Uni-Squa_78.JPG,raw_data/A2.01/A2.01.Uni-Squa_78.JPG,
199,A2.01,A2,A2.01.Uni-Squa_79.JPG,raw_data/A2.01/A2.01.Uni-Squa_79.JPG,
200,A2.01,A2,A2.01.Uni-Squa_88.JPG,raw_data/A2.01/A2.01.Uni-Squa_88.JPG,
200,A2.01,A2,A2.01.Uni-Squa_89.JPG,raw_data/A2.01/A2.01.Uni-Squa_89.JPG,
201,A2.01,A2,A2.01.Uni-Squa_92.JPG,raw_data/A2.01/A2.01.Uni-Squa_92.JPG,
201,A2.01,A2,A2.01.Uni-Squa_93.JPG,raw_data/A2.01/A2.01.Uni-Squa_93.JPG,
202,A2.01,A2,A2.01.Uni-Squa_94.JPG,raw_data/A2.01/A2.01.Uni-Squa_94.JPG,
202,A2.01,A2,A2.01.Uni-Squa_95.JPG,raw_data/A2.01/A2.01.Uni-Squa_95.JPG,
203,A2.05,A2,A2.05.Pub-Ser_05.JPG,raw_data/A2.05/A2.05.Pub-Ser_05.JPG,
203,A2.05,A2,A2.05.Pub-Ser_09.JPG,raw_data/A2.05/A2.05.Pub-Ser_09.JPG,
204,A2.05,A2,A2.05.Pub-Ser_10.JPG,raw_data/A2.05/A2.05.Pub-Ser_10.JPG,
204,A2.05,A2,A2.05.Pub-Ser_19.JPG,raw_data/A2.05/A2.05.Pub-Ser_19.JPG,
205,A2.07,A2,A2.07.Mel-Poi_22.JPG,raw_data/A2.07/A2.07.Mel-Poi_22.JPG,
205,A2.07,A2,A2.07.Mel-Poi_24.JPG,raw_data/A2.07/A2.07.Mel-Poi_24.JPG,
206,A2.07,A2,A2.07.Mel-Poi_23.JPG,raw_data/A2.07/A2.07.Mel-Poi_23.JPG,
206,A2.07,A2,A2.07.Mel-Poi_27.JPG,raw_data/A2.07/A2.07.Mel-Poi_27.JPG,
207,A2.10,A2,A2.10.Cit-Vie_17.JPG,raw_data/A2.10/A2.10.Cit-Vie_17.JPG,
207,A2.10,A2,A2.10.Cit-Vie_19.JPG,raw_data/A2.10/A2.10.Cit-Vie_19.JPG,
208,A2.15,A2,A2.15.New-Wor_27.JPG,raw_data/A2.15/A2.15.New-Wor_27.JPG,
208,A2.15,A2,A2.15.New-Wor_40.JPG,raw_data/A2.15/A2.15.New-Wor_40.JPG,
208,A2.15,A2,A2.15.New-Wor_41.JPG,raw_data/A2.15/A2.15.New-Wor_41.JPG,
209,A2.16,A2,A2.16.Thai-Squ_29.JPG,raw_data/A2.16/A2.16.Thai-Squ_29.JPG,
209,A2.16,A2,A2.16.Thai-Squ_31.JPG,raw_data/A2.16/A2.16.Thai-Squ_31.JPG,
210,A2.21,A2,A2.21.Cons-Mus_58.JPG,raw_data/A2.21/A2.21.Cons-Mus_58.JPG,
210,A2.21,A2,A2.21.Cons-Mus_59.JPG,raw_data/A2.21/A2.21.Cons-Mus_59.JPG,
211,A2.24,A2,A2.24.Asi-ana_31.JPG,raw_data/A2.24/A2.24.Asi-ana_31.JPG,
211,A2.24,A2,A2.24.Asi-ana_34.JPG,raw_data/A2.24/A2.24.Asi-ana_34.JPG,
212,B1.02,B1,B1.02.TDN-Sch_11.JPG,raw_data/B1.02/B1.02.TDN-Sch_11.JPG,
212,B1.02,B1,B1.02.TDN-Sch_12.JPG,raw_data/B1.02/B1.02.TDN-Sch_12.JPG,
213,B1.02,B1,B1.02.TDN-Sch_82.JPG,raw_data/B1.02/B1.02.TDN-Sch_82.JPG,
213,B1.02,B1,B1.02.TDN-Sch_83.JPG,raw_data/B1.02/B1.02.TDN-Sch_83.JPG,
214,B1.03,B1,B1.03.Gen-Lib_77.JPG,raw_data/B1.03/B1.03.Gen-Lib_77.JPG,
214,B1.03,B1,B1.03.Gen-Lib_78.JPG,raw_data/B1.03/B1.03.Gen-Lib_78.JPG,
215,B1.04,B1,B1.04.UAH-Uni_100.JPG,raw_data/B1.04/B1.04.UAH-Uni_100.JPG,
215,B1.04,B1,B1.04.UAH-Uni_99.JPG,raw_data/B1.04/B1.04.UAH-Uni_99.JPG,
216,B1.04,B1,B1.04.UAH-Uni_101.JPG,raw_data/B1.04/B1.04.UAH-Uni_101.JPG,
216,B1.04,B1,B1.04.UAH-Uni_102.JPG,raw_data/B1.04/B1.04.UAH-Uni_102.JPG,
216,B1.04,B1,B1.04.UAH-Uni_103.JPG,raw_data/B1.04/B1.04.UAH-Uni_103.JPG,
217,B1.04,B1,B1.04.UAH-Uni_107.JPG,raw_data/B1.04/B1.04.UAH-Uni_107.JPG,
217,B1.04,B1,B1.04.UAH-Uni_108.JPG,raw_data/B1.04/B1.04.UAH-Uni_108.JPG,
217,B1.04,B1,B1.04.UAH-Uni_109.JPG,raw_data/B1.04/B1.04.UAH-Uni_109.JPG,
217,B1.04,B1,B1.04.UAH-Uni_110.JPG,raw_data/B1.04/B1.04.UAH-Uni_110.JPG,
218,B1.04,B1,B1.04.UAH-Uni_124.JPG,raw_data/B1.04/B1.04.UAH-Uni_124.JPG,
218,B1.04,B1,B1.04.UAH-Uni_125.JPG,raw_data/B1.04/B1.04.UAH-Uni_125.JPG,
218,B1.04,B1,B1.04.UAH-Uni_126.JPG,raw_data/B1.04/B1.04.UAH-Uni_126.JPG,
218,B1.04,B1,B1.04.UAH-Uni_127.JPG,raw_data/B1.04/B1.04.UAH-Uni_127.JPG,
219,B1.04,B1,B1.04.UAH-Uni_128.JPG,raw_data/B1.04/B1.04.UAH-Uni_128.JPG,
219,B1.04,B1,B1.04.UAH-Uni_129.JPG,raw_data/B1.04/B1.04.UAH-Uni_129.JPG,
220,B1.04,B1,B1.04.UAH-Uni_130.JPG,raw_data/B1.04/B1.04.UAH-Uni_130.JPG,
220,B1.04,B1,B1.04.UAH-Uni_131.JPG,raw_data/B1.04/B1.04.UAH-Uni_131.JPG,
220,B1.04,B1,B1.04.UAH-Uni_132.JPG,raw_data/B1.04/B1.04.UAH-Uni_132.JPG,
221,B1.04,B1,B1.04.UAH-Uni_133.JPG,raw_data/B1.04/B1.04.UAH-Uni_133.JPG,
221,B1.04,B1,B1.04.UAH-Uni_134.JPG,raw_data/B1.04/B1.04.UAH-Uni_134.JPG,
222,B1.04,B1,B1.04.UAH-Uni_137.JPG,raw_data/B1.04/B1.04.UAH-Uni_137.JPG,
222,B1.04,B1,B1.04.UAH-Uni_138.JPG,raw_data/B1.04/B1.04.UAH-Uni_138.JPG,
223,B1.04,B1,B1.04.UAH-Uni_140.JPG,raw_data/B1.04/B1.04.UAH-Uni_140.JPG,
223,B1.04,B1,B1.04.UAH-Uni_142.JPG,raw_data/B1.04/B1.04.UAH-Uni_142.JPG,
224,B1.04,B1,B1.04.UAH-Uni_151.JPG,raw_data/B1.04/B1.04.UAH-Uni_151.JPG,
224,B1.04,B1,B1.04.UAH-Uni_153.JPG,raw_data/B1.04/B1.04.UAH-Uni_153.JPG,
225,B1.04,B1,B1.04.UAH-Uni_155.JPG,raw_data/B1.04/B1.04.UAH-Uni_155.JPG,
225,B1.04,B1,B1.04.UAH-Uni_157.JPG,raw_data/B1.04/B1.04.UAH-Uni_157.JPG,
226,B1.04,B1,B1.04.UAH-Uni_159.JPG,raw_data/B1.04/B1.04.UAH-Uni_159.JPG,
226,B1.04,B1,B1.04.UAH-Uni_160.JPG,raw_data/B1.04/B1.04.UAH-Uni_160.JPG,
227,B1.04,B1,B1.04.UAH-Uni_167.JPG,raw_data/B1.04/B1.04.UAH-Uni_167.JPG,
227,B1.04,B1,B1.04.UAH-Uni_169.JPG,raw_data/B1.04/B1.04.UAH-Uni_169.JPG,
228,B1.04,B1,B1.04.UAH-Uni_175.JPG,raw_data/B1.04/B1.04.UAH-Uni_175.JPG,
228,B1.04,B1,B1.04.UAH-Uni_176.JPG,raw_data/B1.04/B1.04.UAH-Uni_176.JPG,
228,B1.04,B1,B1.04.UAH-Uni_177.JPG,raw_data/B1.04/B1.04.UAH-Uni_177.JPG,
229,B1.04,B1,B1.04.UAH-Uni_183.JPG,raw_data/B1.04/B1.04.UAH-Uni_183.JPG,
229,B1.04,B1,B1.04.UAH-Uni_185.JPG,raw_data/B1.04/B1.04.UAH-Uni_185.JPG,
230,B1.04,B1,B1.04.UAH-Uni_186.JPG,raw_data/B1.04/B1.04.UAH-Uni_186.JPG,
230,B1.04,B1,B1.04.UAH-Uni_187.JPG,raw_data/B1.04/B1.04.UAH-Uni_187.JPG,
231,B1.04,B1,B1.04.UAH-Uni_212.JPG,raw_data/B1.04/B1.04.UAH-Uni_212.JPG,
231,B1.04,B1,B1.04.UAH-Uni_214.JPG,raw_data/B1.04/B1.04.UAH-Uni_214.JPG,
232,B1.04,B1,B1.04.UAH-Uni_215.JPG,raw_data/B1.04/B1.04.UAH-Uni_215.JPG,
232,B1.04,B1,B1.04.UAH-Uni_217.JPG,raw_data/B1.04/B1.04.UAH-Uni_217.JPG,
233,B1.04,B1,B1.04.UAH-Uni_219.JPG,raw_data/B1.04/B1.04.UAH-Uni_219.JPG,
233,B1.04,B1,B1.04.UAH-Uni_220.JPG,raw_data/B1.04/B1.04.UAH-Uni_220.JPG,
234,B1.04,B1,B1.04.UAH-Uni_223.JPG,raw_data/B1.04/B1.04.UAH-Uni_223.JPG,
234,B1.04,B1,B1.04.UAH-Uni_224.JPG,raw_data/B1.04/B1.04.UAH-Uni_224.JPG,
234,B1.04,B1,B1.04.UAH-Uni_225.JPG,raw_data/B1.04/B1.04.UAH-Uni_225.JPG,
234,B1.04,B1,B1.04.UAH-Uni_226.JPG,raw_data/B1.04/B1.04.UAH-Uni_226.JPG,
235,B1.04,B1,B1.04.UAH-Uni_247.JPG,raw_data/B1.04/B1.04.UAH-Uni_247.JPG,
235,B1.04,B1,B1.04.UAH-Uni_248.JPG,raw_data/B1.04/B1.04.UAH-Uni_248.JPG,
236,B1.04,B1,B1.04.UAH-Uni_254.JPG,raw_data/B1.04/B1.04.UAH-Uni_254.JPG,
236,B1.04,B1,B1.04.UAH-Uni_255.JPG,raw_data/B1.04/B1.04.UAH-Uni_255.JPG,
237,B1.04,B1,B1.04.UAH-Uni_258.JPG,raw_data/B1.04/B1.04.UAH-Uni_258.JPG,
237,B1.04,B1,B1.04.UAH-Uni_259.JPG,raw_data/B1.04/B1.04.UAH-Uni_259.JPG,
238,B1.04,B1,B1.04.UAH-Uni_268.JPG,raw_data/B1.04/B1.04.UAH-Uni_268.JPG,
238,B1.04,B1,B1.04.UAH-Uni_269.JPG,raw_data/B1.04/B1.04.UAH-Uni_269.JPG,
239,B1.04,B1,B1.04.UAH-Uni_303.JPG,raw_data/B1.04/B1.04.UAH-Uni_303.JPG,
239,B1.04,B1,B1.04.UAH-Uni_304.JPG,raw_data/B1.04/B1.04.UAH-Uni_304.JPG,
240,B1.04,B1,B1.04.UAH-Uni_314.JPG,raw_data/B1.04/B1.04.UAH-Uni_314.JPG,
240,B1.04,B1,B1.04.UAH-Uni_315.JPG,raw_data/B1.04/B1.04.UAH-Uni_315.JPG,
240,B1.04,B1,B1.04.UAH-Uni_316.JPG,raw_data/B1.04/B1.04.UAH-Uni_316.JPG,
241,B1.04,B1,B1.04.UAH-Uni_324.JPG,raw_data/B1.04/B1.04.UAH-Uni_324.JPG,
241,B1.04,B1,B1.04.UAH-Uni_326.JPG,raw_data/B1.04/B1.04.UAH-Uni_326.JPG,
242,B1.04,B1,B1.04.UAH-Uni_33.JPG,raw_data/B1.04/B1.04.UAH-Uni_33.JPG,
242,B1.04,B1,B1.04.UAH-Uni_34.JPG,raw_data/B1.04/B1.04.UAH-Uni_34.JPG,
242,B1.04,B1,B1.04.UAH-Uni_35.JPG,raw_data/B1.04/B1.04.UAH-Uni_35.JPG,
243,B1.04,B1,B1.04.UAH-Uni_336.JPG,raw_data/B1.04/B1.04.UAH-Uni_336.JPG,
243,B1.04,B1,B1.04.UAH-Uni_338.JPG,raw_data/B1.04/B1.04.UAH-Uni_338.JPG,
243,B1.04,B1,B1.04.UAH-Uni_340.JPG,raw_data/B1.04/B1.04.UAH-Uni_340.JPG,
244,B1.04,B1,B1.04.UAH-Uni_345.JPG,raw_data/B1.04/B1.04.UAH-Uni_345.JPG,
244,B1.04,B1,B1.04.UAH-Uni_346.JPG,raw_data/B1.04/B1.04.UAH-Uni_346.JPG,
244,B1.04,B1,B1.04.UAH-Uni_347.JPG,raw_data/B1.04/B1.04.UAH-Uni_347.JPG,
245,B1.04,B1,B1.04.UAH-Uni_348.JPG,raw_data/B1.04/B1.04.UAH-Uni_348.JPG,
245,B1.04,B1,B1.04.UAH-Uni_349.JPG,raw_data/B1.04/B1.04.UAH-Uni_349.JPG,
246,B1.04,B1,B1.04.UAH-Uni_358.JPG,raw_data/B1.04/B1.04.UAH-Uni_358.JPG,
246,B1.04,B1,B1.04.UAH-Uni_359.JPG,raw_data/B1.04/B1.04.UAH-Uni_359.JPG,
247,B1.04,B1,B1.04.UAH-Uni_361.JPG,raw_data/B1.04/B1.04.UAH-Uni_361.JPG,
247,B1.04,B1,B1.04.UAH-Uni_364.JPG,raw_data/B1.04/B1.04.UAH-Uni_364.JPG,
248,B1.04,B1,B1.04.UAH-Uni_362.JPG,raw_data/B1.04/B1.04.UAH-Uni_362.JPG,
248,B1.04,B1,B1.04.UAH-Uni_363.JPG,raw_data/B1.04/B1.04.UAH-Uni_363.JPG,
249,B1.04,B1,B1.04.UAH-Uni_375.JPG,raw_data/B1.04/B1.04.UAH-Uni_375.JPG,
249,B1.04,B1,B1.04.UAH-Uni_376.JPG,raw_data/B1.04/B1.04.UAH-Uni_376.JPG,
249,B1.04,B1,B1.04.UAH-Uni_377.JPG,raw_data/B1.04/B1.04.UAH-Uni_377.JPG,
250,B1.04,B1,B1.04.UAH-Uni_380.JPG,raw_data/B1.04/B1.04.UAH-Uni_380.JPG,
250,B1.04,B1,B1.04.UAH-Uni_381.JPG,raw_data/B1.04/B1.04.UAH-Uni_381.JPG,
251,B1.04,B1,B1.04.UAH-Uni_390.JPG,raw_data/B1.04/B1.04.UAH-Uni_390.JPG,
251,B1.04,B1,B1.04.UAH-Uni_391.JPG,raw_data/B1.04/B1.04.UAH-Uni_391.JPG,
252,B1.04,B1,B1.04.UAH-Uni_399.JPG,raw_data/B1.04/B1.04.UAH-Uni_399.JPG,
252,B1.04,B1,B1.04.UAH-Uni_400.JPG,raw_data/B1.04/B1.04.UAH-Uni_400.JPG,
253,B1.04,B1,B1.04.UAH-Uni_409.JPG,raw_data/B1.04/B1.04.UAH-Uni_409.JPG,
253,B1.04,B1,B1.04.UAH-Uni_410.JPG,raw_data/B1.04/B1.04.UAH-Uni_410.JPG,
254,B1.04,B1,B1.04.UAH-Uni_49.JPG,raw_data/B1.04/B1.04.UAH-Uni_49.JPG,
254,B1.04,B1,B1.04.UAH-Uni_50.JPG,raw_data/B1.04/B1.04.UAH-Uni_50.JPG,
255,B1.04,B1,B1.04.UAH-Uni_72.JPG,raw_data/B1.04/B1.04.UAH-Uni_72.JPG,
255,B1.04,B1,B1.04.UAH-Uni_73.JPG,raw_data/B1.04/B1.04.UAH-Uni_73.JPG,
256,B1.04,B1,B1.04.UAH-Uni_93.JPG,raw_data/B1.04/B1.04.UAH-Uni_93.JPG,
256,B1.04,B1,B1.04.UAH-Uni_95.JPG,raw_data/B1.04/B1.04.UAH-Uni_95.JPG,
257,B1.04,B1,B1.04.UAH-Uni_96.JPG,raw_data/B1.04/B1.04.UAH-Uni_96.JPG,
257,B1.04,B1,B1.04.UAH-Uni_97.JPG,raw_data/B1.04/B1.04.UAH-Uni_97.JPG,
257,B1.04,B1,B1.04.UAH-Uni_98.JPG,raw_data/B1.04/B1.04.UAH-Uni_98.JPG,
258,B1.05,B1,B1.05.Uni-Med_162.JPG,raw_data/B1.05/B1.05.Uni-Med_162.JPG,
258,B1.05,B1,B1.05.Uni-Med_163.JPG,raw_data/B1.05/B1.05.Uni-Med_163.JPG,
259,B1.07,B1,B1.07.Tho-Nha_160.JPG,raw_data/B1.07/B1.07.Tho-Nha_160.JPG,
259,B1.07,B1,B1.07.Tho-Nha_161.JPG,raw_data/B1.07/B1.07.Tho-Nha_161.JPG,
260,B1.07,B1,B1.07.Tho-Nha_169.JPG,raw_data/B1.07/B1.07.Tho-Nha_169.JPG,
260,B1.07,B1,B1.07.Tho-Nha_170.JPG,raw_data/B1.07/B1.07.Tho-Nha_170.JPG,
261,B1.07,B1,B1.07.Tho-Nha_173.JPG,raw_data/B1.07/B1.07.Tho-Nha_173.JPG,
261,B1.07,B1,B1.07.Tho-Nha_174.JPG,raw_data/B1.07/B1.07.Tho-Nha_174.JPG,
262,B1.07,B1,B1.07.Tho-Nha_176.JPG,raw_data/B1.07/B1.07.Tho-Nha_176.JPG,
262,B1.07,B1,B1.07.Tho-Nha_177.JPG,raw_data/B1.07/B1.07.Tho-Nha_177.JPG,
263,B1.08,B1,B1.08.HB-Scho_09.JPG,raw_data/B1.08/B1.08.HB-Scho_09.JPG,
263,B1.08,B1,B1.08.HB-Scho_10.JPG,raw_data/B1.08/B1.08.HB-Scho_10.JPG,
264,B1.08,B1,B1.08.HB-Scho_15.JPG,raw_data/B1.08/B1.08.HB-Scho_15.JPG,
264,B1.08,B1,B1.08.HB-Scho_16.JPG,raw_data/B1.08/B1.08.HB-Scho_16.JPG,
264,B1.08,B1,B1.08.HB-Scho_17.JPG,raw_data/B1.08/B1.08.HB-Scho_17.JPG,
265,B1.08,B1,B1.08.HB-Scho_21.JPG,raw_data/B1.08/B1.08.HB-Scho_21.JPG,
265,B1.08,B1,B1.08.HB-Scho_22.JPG,raw_data/B1.08/B1.08.HB-Scho_22.JPG,
265,B1.08,B1,B1.08.HB-Scho_23.JPG,raw_data/B1.08/B1.08.HB-Scho_23.JPG,
266,B1.08,B1,B1.08.HB-Scho_28.JPG,raw_data/B1.08/B1.08.HB-Scho_28.JPG,
266,B1.08,B1,B1.08.HB-Scho_29.JPG,raw_data/B1.08/B1.08.HB-Scho_29.JPG,
267,B1.08,B1,B1.08.HB-Scho_34.JPG,raw_data/B1.08/B1.08.HB-Scho_34.JPG,
267,B1.08,B1,B1.08.HB-Scho_36.JPG,raw_data/B1.08/B1.08.HB-Scho_36.JPG,
268,B1.08,B1,B1.08.HB-Scho_49.JPG,raw_data/B1.08/B1.08.HB-Scho_49.JPG,
268,B1.08,B1,B1.08.HB-Scho_50.JPG,raw_data/B1.08/B1.08.HB-Scho_50.JPG,
269,B1.08,B1,B1.08.HB-Scho_53.JPG,raw_data/B1.08/B1.08.HB-Scho_53.JPG,
269,B1.08,B1,B1.08.HB-Scho_54.JPG,raw_data/B1.08/B1.08.HB-Scho_54.JPG,
270,B1.09,B1,B1.09.TD-Hos_01.JPG,raw_data/B1.09/B1.09.TD-Hos_01.JPG,
270,B1.09,B1,B1.09.TD-Hos_03.JPG,raw_data/B1.09/B1.09.TD-Hos_03.JPG,
271,B1.10,B1,B1.10.Tur-Lak_19.jpg,raw_data/B1.10/B1.10.Tur-Lak_19.jpg,
271,B1.10,B1,B1.10.Tur-Lak_20.jpg,raw_data/B1.10/B1.10.Tur-Lak_20.jpg,
272,B1.10,B1,B1.10.Tur-Lak_25.jpg,raw_data/B1.10/B1.10.Tur-Lak_25.jpg,
272,B1.10,B1,B1.10.Tur-Lak_26.jpg,raw_data/B1.10/B1.10.Tur-Lak_26.jpg,
273,B1.10,B1,B1.10.Tur-Lak_32.jpg,raw_data/B1.10/B1.10.Tur-Lak_32.jpg,
273,B1.10,B1,B1.10.Tur-Lak_33.jpg,raw_data/B1.10/B1.10.Tur-Lak_33.jpg,
274,B1.10,B1,B1.10.Tur-Lak_75.jpg,raw_data/B1.10/B1.10.Tur-Lak_75.jpg,
274,B1.10,B1,B1.10.Tur-Lak_76.jpg,raw_data/B1.10/B1.10.Tur-Lak_76.jpg,
275,B1.10,B1,B1.10.Tur-Lak_77.jpg,raw_data/B1.10/B1.10.Tur-Lak_77.jpg,
275,B1.10,B1,B1.10.Tur-Lak_78.jpg,raw_data/B1.10/B1.10.Tur-Lak_78.jpg,
276,B1.11,B1,B1.11.TNS-Cen_01.JPG,raw_data/B1.11/B1.11.TNS-Cen_01.JPG,
276,B1.11,B1,B1.11.TNS-Cen_02.JPG,raw_data/B1.11/B1.11.TNS-Cen_02.JPG,
277,B1.11,B1,B1.11.TNS-Cen_04.JPG,raw_data/B1.11/B1.11.TNS-Cen_04.JPG,
277,B1.11,B1,B1.11.TNS-Cen_06.JPG,raw_data/B1.11/B1.11.TNS-Cen_06.JPG,
278,B1.11,B1,B1.11.TNS-Cen_07.JPG,raw_data/B1.11/B1.11.TNS-Cen_07.JPG,
278,B1.11,B1,B1.11.TNS-Cen_10.JPG,raw_data/B1.11/B1.11.TNS-Cen_10.JPG,
279,B1.13,B1,B1.13.VOH-Rad_151.JPG,raw_data/B1.13/B1.13.VOH-Rad_151.JPG,
279,B1.13,B1,B1.13.VOH-Rad_152.JPG,raw_data/B1.13/B1.13.VOH-Rad_152.JPG,
280,B1.13,B1,B1.13.VOH-Rad_159.JPG,raw_data/B1.13/B1.13.VOH-Rad_159.JPG,
280,B1.13,B1,B1.13.VOH-Rad_160.JPG,raw_data/B1.13/B1.13.VOH-Rad_160.JPG,
281,B1.13,B1,B1.13.VOH-Rad_169.JPG,raw_data/B1.13/B1.13.VOH-Rad_169.JPG,
281,B1.13,B1,B1.13.VOH-Rad_170.JPG,raw_data/B1.13/B1.13.VOH-Rad_170.JPG,
282,B1.13,B1,B1.13.VOH-Rad_186.JPG,raw_data/B1.13/B1.13.VOH-Rad_186.JPG,
282,B1.13,B1,B1.13.VOH-Rad_187.JPG,raw_data/B1.13/B1.13.VOH-Rad_187.JPG,
283,B1.13,B1,B1.13.VOH-Rad_193.JPG,raw_data/B1.13/B1.13.VOH-Rad_193.JPG,
283,B1.13,B1,B1.13.VOH-Rad_194.JPG,raw_data/B1.13/B1.13.VOH-Rad_194.JPG,
284,B1.13,B1,B1.13.VOH-Rad_59.JPG,raw_data/B1.13/B1.13.VOH-Rad_59.JPG,
284,B1.13,B1,B1.13.VOH-Rad_60.JPG,raw_data/B1.13/B1.13.VOH-Rad_60.JPG,
285,B1.13,B1,B1.13.VOH-Rad_68.JPG,raw_data/B1.13/B1.13.VOH-Rad_68.JPG,
285,B1.13,B1,B1.13.VOH-Rad_69.JPG,raw_data/B1.13/B1.13.VOH-Rad_69.JPG,
286,B1.13,B1,B1.13.VOH-Rad_73.JPG,raw_data/B1.13/B1.13.VOH-Rad_73.JPG,
286,B1.13,B1,B1.13.VOH-Rad_74.JPG,raw_data/B1.13/B1.13.VOH-Rad_74.JPG,
287,B1.13,B1,B1.13.VOH-Rad_80.JPG,raw_data/B1.13/B1.13.VOH-Rad_80.JPG,
287,B1.13,B1,B1.13.VOH-Rad_81.JPG,raw_data/B1.13/B1.13.VOH-Rad_81.JPG,
288,B1.13,B1,B1.13.VOH-Rad_86.JPG,raw_data/B1.13/B1.13.VOH-Rad_86.JPG,
288,B1.13,B1,B1.13.VOH-Rad_87.JPG,raw_data/B1.13/B1.13.VOH-Rad_87.JPG,
288,B1.13,B1,B1.13.VOH-Rad_88.JPG,raw_data/B1.13/B1.13.VOH-Rad_88.JPG,
289,B1.13,B1,B1.13.VOH-Rad_90.JPG,raw_data/B1.13/B1.13.VOH-Rad_90.JPG,
289,B1.13,B1,B1.13.VOH-Rad_91.JPG,raw_data/B1.13/B1.13.VOH-Rad_91.JPG,
289,B1.13,B1,B1.13.VOH-Rad_92.JPG,raw_data/B1.13/B1.13.VOH-Rad_92.JPG,
290,B1.15,B1,B1.15.TB-Mar_01.JPG,raw_data/B1.15/B1.15.TB-Mar_01.JPG,
290,B1.26,B1,B1.26.MEK-CPF_63.JPG,raw_data/B1.26/B1.26.MEK-CPF_63.JPG,
291,B1.16 (need_review),B1,DSC04598.JPG,raw_data/B1.16 (need_review)/DSC04598.JPG,
291,B1.16 (need_review),B1,DSC04599.JPG,raw_data/B1.16 (need_review)/DSC04599.JPG,
292,B1.16 (need_review),B1,DSC04604.JPG,raw_data/B1.16 (need_review)/DSC04604.JPG,
292,B1.16 (need_review),B1,DSC04605.JPG,raw_data/B1.16 (need_review)/DSC04605.JPG,
292,B1.16 (need_review),B1,DSC04606.JPG,raw_data/B1.16 (need_review)/DSC04606.JPG,
293,B1.16 (need_review),B1,DSC04616.JPG,raw_data/B1.16 (need_review)/DSC04616.JPG,
293,B1.16 (need_review),B1,DSC04617.JPG,raw_data/B1.16 (need_review)/DSC04617.JPG,
294,B1.16 (need_review),B1,DSC04620.JPG,raw_data/B1.16 (need_review)/DSC04620.JPG,
294,B1.16 (need_review),B1,DSC04621.JPG,raw_data/B1.16 (need_review)/DSC04621.JPG,
295,B1.16 (need_review),B1,DSC04622.JPG,raw_data/B1.16 (need_review)/DSC04622.JPG,
295,B1.16 (need_review),B1,DSC04623.JPG,raw_data/B1.16 (need_review)/DSC04623.JPG,
296,B1.16 (need_review),B1,DSC04639.JPG,raw_data/B1.16 (need_review)/DSC04639.JPG,
296,B1.16 (need_review),B1,DSC04640.JPG,raw_data/B1.16 (need_review)/DSC04640.JPG,
296,B1.16 (need_review),B1,DSC04641.JPG,raw_data/B1.16 (need_review)/DSC04641.JPG,
297,B1.16 (need_review),B1,DSC04666.JPG,raw_data/B1.16 (need_review)/DSC04666.JPG,
297,B1.16 (need_review),B1,DSC04667.JPG,raw_data/B1.16 (need_review)/DSC04667.JPG,
297,B1.16 (need_review),B1,DSC04668.JPG,raw_data/B1.16 (need_review)/DSC04668.JPG,
298,B1.16 (need_review),B1,DSC04670.JPG,raw_data/B1.16 (need_review)/DSC04670.JPG,
298,B1.16 (need_review),B1,DSC04671.JPG,raw_data/B1.16 (need_review)/DSC04671.JPG,
299,B1.16 (need_review),B1,DSC04673.JPG,raw_data/B1.16 (need_review)/DSC04673.JPG,
299,B1.16 (need_review),B1,DSC04674.JPG,raw_data/B1.16 (need_review)/DSC04674.JPG,
299,B1.16 (need_review),B1,DSC04675.JPG,raw_data/B1.16 (need_review)/DSC04675.JPG,
300,B1.16 (need_review),B1,DSC04683.JPG,raw_data/B1.16 (need_review)/DSC04683.JPG,
300,B1.16 (need_review),B1,DSC04684.JPG,raw_data/B1.16 (need_review)/DSC04684.JPG,
301,B1.16 (need_review),B1,DSC04690.JPG,raw_data/B1.16 (need_review)/DSC04690.JPG,
301,B1.16 (need_review),B1,DSC04691.JPG,raw_data/B1.16 (need_review)/DSC04691.JPG,
302,B1.16 (need_review),B1,DSC04694.JPG,raw_data/B1.16 (need_review)/DSC04694.JPG,
302,B1.16 (need_review),B1,DSC04696.JPG,raw_data/B1.16 (need_review)/DSC04696.JPG,
303,B1.16 (need_review),B1,DSC04708.JPG,raw_data/B1.16 (need_review)/DSC04708.JPG,
303,B1.16 (need_review),B1,DSC04709.JPG,raw_data/B1.16 (need_review)/DSC04709.JPG,
304,B1.16 (need_review),B1,DSC04872.JPG,raw_data/B1.16 (need_review)/DSC04872.JPG,
304,B1.16 (need_review),B1,DSC04883.JPG,raw_data/B1.16 (need_review)/DSC04883.JPG,
304,B1.16 (need_review),B1,DSC04884.JPG,raw_data/B1.16 (need_review)/DSC04884.JPG,
305,B1.16 (need_review),B1,DSC04881.JPG,raw_data/B1.16 (need_review)/DSC04881.JPG,
305,B1.16 (need_review),B1,DSC04882.JPG,raw_data/B1.16 (need_review)/DSC04882.JPG,
306,B1.16 (need_review),B1,DSC04969.JPG,raw_data/B1.16 (need_review)/DSC04969.JPG,
306,B1.16 (need_review),B1,DSC04970.JPG,raw_data/B1.16 (need_review)/DSC04970.JPG,
306,B1.16 (need_review),B1,DSC04971.JPG,raw_data/B1.16 (need_review)/DSC04971.JPG,
307,B1.16 (need_review),B1,DSC04978.JPG,raw_data/B1.16 (need_review)/DSC04978.JPG,
307,B1.16 (need_review),B1,DSC04979.JPG,raw_data/B1.16 (need_review)/DSC04979.JPG,
308,B1.18,B1,B1.18.GD-Hos_24.JPG,raw_data/B1.18/B1.18.GD-Hos_24.JPG,
308,B1.18,B1,B1.18.GD-Hos_25.JPG,raw_data/B1.18/B1.18.GD-Hos_25.JPG,
309,B1.19,B1,B1.19.Apar-Bui_88.JPG,raw_data/B1.19/B1.19.Apar-Bui_88.JPG,
309,B1.19,B1,B1.19.Apar-Bui_90.JPG,raw_data/B1.19/B1.19.Apar-Bui_90.JPG,
310,B1.20,B1,B1.20.PSA-Bui_86.JPG,raw_data/B1.20/B1.20.PSA-Bui_86.JPG,
310,B1.20,B1,B1.20.PSA-Bui_87.JPG,raw_data/B1.20/B1.20.PSA-Bui_87.JPG,
311,B1.29,B1,B1.29.VNPT-Bui_100.JPG,raw_data/B1.29/B1.29.VNPT-Bui_100.JPG,
311,B1.29,B1,B1.29.VNPT-Bui_101.JPG,raw_data/B1.29/B1.29.VNPT-Bui_101.JPG,
312,B1.29,B1,B1.29.VNPT-Bui_102.JPG,raw_data/B1.29/B1.29.VNPT-Bui_102.JPG,
312,B1.29,B1,B1.29.VNPT-Bui_103.JPG,raw_data/B1.29/B1.29.VNPT-Bui_103.JPG,
313,B1.29,B1,B1.29.VNPT-Bui_106.JPG,raw_data/B1.29/B1.29.VNPT-Bui_106.JPG,
313,B1.29,B1,B1.29.VNPT-Bui_107.JPG,raw_data/B1.29/B1.29.VNPT-Bui_107.JPG,
314,B1.29,B1,B1.29.VNPT-Bui_123.JPG,raw_data/B1.29/B1.29.VNPT-Bui_123.JPG,
314,B1.29,B1,B1.29.VNPT-Bui_125.JPG,raw_data/B1.29/B1.29.VNPT-Bui_125.JPG,
315,B1.29,B1,B1.29.VNPT-Bui_138.JPG,raw_data/B1.29/B1.29.VNPT-Bui_138.JPG,
315,B1.29,B1,B1.29.VNPT-Bui_139.JPG,raw_data/B1.29/B1.29.VNPT-Bui_139.JPG,
316,B1.29,B1,B1.29.VNPT-Bui_145.JPG,raw_data/B1.29/B1.29.VNPT-Bui_145.JPG,
316,B1.29,B1,B1.29.VNPT-Bui_146.JPG,raw_data/B1.29/B1.29.VNPT-Bui_146.JPG,
316,B1.29,B1,B1.29.VNPT-Bui_147.JPG,raw_data/B1.29/B1.29.VNPT-Bui_147.JPG,
317,B1.29,B1,B1.29.VNPT-Bui_148.JPG,raw_data/B1.29/B1.29.VNPT-Bui_148.JPG,
317,B1.29,B1,B1.29.VNPT-Bui_149.JPG,raw_data/B1.29/B1.29.VNPT-Bui_149.JPG,
318,B1.29,B1,B1.29.VNPT-Bui_158.JPG,raw_data/B1.29/B1.29.VNPT-Bui_158.JPG,
318,B1.29,B1,B1.29.VNPT-Bui_159.JPG,raw_data/B1.29/B1.29.VNPT-Bui_159.JPG,
319,B1.29,B1,B1.29.VNPT-Bui_16.JPG,raw_data/B1.29/B1.29.VNPT-Bui_16.JPG,
319,B1.29,B1,B1.29.VNPT-Bui_17.JPG,raw_data/B1.29/B1.29.VNPT-Bui_17.JPG,
320,B1.29,B1,B1.29.VNPT-Bui_162.JPG,raw_data/B1.29/B1.29.VNPT-Bui_162.JPG,
320,B1.29,B1,B1.29.VNPT-Bui_163.JPG,raw_data/B1.29/B1.29.VNPT-Bui_163.JPG,
321,B1.29,B1,B1.29.VNPT-Bui_170.JPG,raw_data/B1.29/B1.29.VNPT-Bui_170.JPG,
321,B1.29,B1,B1.29.VNPT-Bui_171.JPG,raw_data/B1.29/B1.29.VNPT-Bui_171.JPG,
322,B1.29,B1,B1.29.VNPT-Bui_18.JPG,raw_data/B1.29/B1.29.VNPT-Bui_18.JPG,
322,B1.29,B1,B1.29.VNPT-Bui_19.JPG,raw_data/B1.29/B1.29.VNPT-Bui_19.JPG,
323,B1.29,B1,B1.29.VNPT-Bui_28.JPG,raw_data/B1.29/B1.29.VNPT-Bui_28.JPG,
323,B1.29,B1,B1.29.VNPT-Bui_31.JPG,raw_data/B1.29/B1.29.VNPT-Bui_31.JPG,
324,B1.29,B1,B1.29.VNPT-Bui_38.JPG,raw_data/B1.29/B1.29.VNPT-Bui_38.JPG,
324,B1.29,B1,B1.29.VNPT-Bui_39.JPG,raw_data/B1.29/B1.29.VNPT-Bui_39.JPG,
325,B1.29,B1,B1.29.VNPT-Bui_40.JPG,raw_data/B1.29/B1.29.VNPT-Bui_40.JPG,
325,B1.29,B1,B1.29.VNPT-Bui_41.JPG,raw_data/B1.29/B1.29.VNPT-Bui_41.JPG,
326,B1.29,B1,B1.29.VNPT-Bui_49.JPG,raw_data/B1.29/B1.29.VNPT-Bui_49.JPG,
326,B1.29,B1,B1.29.VNPT-Bui_51.JPG,raw_data/B1.29/B1.29.VNPT-Bui_51.JPG,
326,B1.29,B1,B1.29.VNPT-Bui_52.JPG,raw_data/B1.29/B1.29.VNPT-Bui_52.JPG,
327,B1.29,B1,B1.29.VNPT-Bui_75.JPG,raw_data/B1.29/B1.29.VNPT-Bui_75.JPG,
327,B1.29,B1,B1.29.VNPT-Bui_76.JPG,raw_data/B1.29/B1.29.VNPT-Bui_76.JPG,
328,B1.29,B1,B1.29.VNPT-Bui_84.JPG,raw_data/B1.29/B1.29.VNPT-Bui_84.JPG,
328,B1.29,B1,B1.29.VNPT-Bui_85.JPG,raw_data/B1.29/B1.29.VNPT-Bui_85.JPG,
329,B1.29,B1,B1.29.VNPT-Bui_88.JPG,raw_data/B1.29/B1.29.VNPT-Bui_88.JPG,
329,B1.29,B1,B1.29.VNPT-Bui_89.JPG,raw_data/B1.29/B1.29.VNPT-Bui_89.JPG,
330,B1.29,B1,B1.29.VNPT-Bui_93.JPG,raw_data/B1.29/B1.29.VNPT-Bui_93.JPG,
330,B1.29,B1,B1.29.VNPT-Bui_94.JPG,raw_data/B1.29/B1.29.VNPT-Bui_94.JPG,
331,B1.29,B1,B1.29.VNPT-Bui_98.JPG,raw_data/B1.29/B1.29.VNPT-Bui_98.JPG,
331,B1.29,B1,B1.29.VNPT-Bui_99.JPG,raw_data/B1.29/B1.29.VNPT-Bui_99.JPG,
332,B2.06 (need_review),B2,DSC03149.JPG,raw_data/B2.06 (need_review)/DSC03149.JPG,
332,B2.06 (need_review),B2,DSC03150.JPG,raw_data/B2.06 (need_review)/DSC03150.JPG,
332,B2.06 (need_review),B2,DSC03151.JPG,raw_data/B2.06 (need_review)/DSC03151.JPG,
332,B2.06 (need_review),B2,DSC03156.JPG,raw_data/B2.06 (need_review)/DSC03156.JPG,
333,B2.06 (need_review),B2,DSC03152.JPG,raw_data/B2.06 (need_review)/DSC03152.JPG,
333,B2.06 (need_review),B2,DSC03154.JPG,raw_data/B2.06 (need_review)/DSC03154.JPG,
334,B2.06 (need_review),B2,DSC03163.JPG,raw_data/B2.06 (need_review)/DSC03163.JPG,
334,B2.06 (need_review),B2,DSC03164.JPG,raw_data/B2.06 (need_review)/DSC03164.JPG,
335,B2.06 (need_review),B2,DSC03165.JPG,raw_data/B2.06 (need_review)/DSC03165.JPG,
335,B2.06 (need_review),B2,DSC03166.JPG,raw_data/B2.06 (need_review)/DSC03166.JPG,
335,B2.06 (need_review),B2,DSC03167.JPG,raw_data/B2.06 (need_review)/DSC03167.JPG,
336,B2.06 (need_review),B2,DSC03177.JPG,raw_data/B2.06 (need_review)/DSC03177.JPG,
336,B2.06 (need_review),B2,DSC03178.JPG,raw_data/B2.06 (need_review)/DSC03178.JPG,
337,B2.06 (need_review),B2,DSC03189.JPG,raw_data/B2.06 (need_review)/DSC03189.JPG,
337,B2.06 (need_review),B2,DSC03190.JPG,raw_data/B2.06 (need_review)/DSC03190.JPG,
338,B2.06 (need_review),B2,DSC03191.JPG,raw_data/B2.06 (need_review)/DSC03191.JPG,
338,B2.06 (need_review),B2,DSC03192.JPG,raw_data/B2.06 (need_review)/DSC03192.JPG,
339,B2.06 (need_review),B2,DSC03196.JPG,raw_data/B2.06 (need_review)/DSC03196.JPG,
339,B2.06 (need_review),B2,DSC03197.JPG,raw_data/B2.06 (need_review)/DSC03197.JPG,
339,B2.06 (need_review),B2,DSC03202.JPG,raw_data/B2.06 (need_review)/DSC03202.JPG,
340,B2.06 (need_review),B2,DSC03198.JPG,raw_data/B2.06 (need_review)/DSC03198.JPG,
340,B2.06 (need_review),B2,DSC03199.JPG,raw_data/B2.06 (need_review)/DSC03199.JPG,
341,B2.06 (need_review),B2,DSC03200.JPG,raw_data/B2.06 (need_review)/DSC03200.JPG,
341,B2.06 (need_review),B2,DSC03201.JPG,raw_data/B2.06 (need_review)/DSC03201.JPG,
342,B2.06 (need_review),B2,DSC03208.JPG,raw_data/B2.06 (need_review)/DSC03208.JPG,
342,B2.06 (need_review),B2,DSC03209.JPG,raw_data/B2.06 (need_review)/DSC03209.JPG,
343,B2.06 (need_review),B2,DSC03219.JPG,raw_data/B2.06 (need_review)/DSC03219.JPG,
343,B2.06 (need_review),B2,DSC03220.JPG,raw_data/B2.06 (need_review)/DSC03220.JPG,
343,B2.06 (need_review),B2,DSC03221.JPG,raw_data/B2.06 (need_review)/DSC03221.JPG,
344,B2.06 (need_review),B2,DSC03222.JPG,raw_data/B2.06 (need_review)/DSC03222.JPG,
344,B2.06 (need_review),B2,DSC03223.JPG,raw_data/B2.06 (need_review)/DSC03223.JPG,
345,B2.07 (need_review),B2,DSC03231.JPG,raw_data/B2.07 (need_review)/DSC03231.JPG,
345,B2.07 (need_review),B2,DSC03232.JPG,raw_data/B2.07 (need_review)/DSC03232.JPG,
346,B2.07 (need_review),B2,DSC03281.JPG,raw_data/B2.07 (need_review)/DSC03281.JPG,
346,B2.07 (need_review),B2,DSC03282.JPG,raw_data/B2.07 (need_review)/DSC03282.JPG,
347,B2.07 (need_review),B2,DSC03311.JPG,raw_data/B2.07 (need_review)/DSC03311.JPG,
347,B2.07 (need_review),B2,DSC03312.JPG,raw_data/B2.07 (need_review)/DSC03312.JPG,
348,B2.07 (need_review),B2,DSC03313.JPG,raw_data/B2.07 (need_review)/DSC03313.JPG,
348,B2.07 (need_review),B2,DSC03314.JPG,raw_data/B2.07 (need_review)/DSC03314.JPG,
349,B2.07 (need_review),B2,DSC03331.JPG,raw_data/B2.07 (need_review)/DSC03331.JPG,
349,B2.07 (need_review),B2,DSC03333.JPG,raw_data/B2.07 (need_review)/DSC03333.JPG,
350,B2.07 (need_review),B2,DSC03334.JPG,raw_data/B2.07 (need_review)/DSC03334.JPG,
350,B2.07 (need_review),B2,DSC03335.JPG,raw_data/B2.07 (need_review)/DSC03335.JPG,
351,B2.07 (need_review),B2,DSC03342.JPG,raw_data/B2.07 (need_review)/DSC03342.JPG,
351,B2.07 (need_review),B2,DSC03344.JPG,raw_data/B2.07 (need_review)/DSC03344.JPG,
352,B2.07 (need_review),B2,DSC03345.JPG,raw_data/B2.07 (need_review)/DSC03345.JPG,
352,B2.07 (need_review),B2,DSC03347.JPG,raw_data/B2.07 (need_review)/DSC03347.JPG,
353,B2.07 (need_review),B2,DSC03361.JPG,raw_data/B2.07 (need_review)/DSC03361.JPG,
353,B2.07 (need_review),B2,DSC03362.JPG,raw_data/B2.07 (need_review)/DSC03362.JPG,
354,B2.07 (need_review),B2,DSC03367.JPG,raw_data/B2.07 (need_review)/DSC03367.JPG,
354,B2.07 (need_review),B2,DSC03369.JPG,raw_data/B2.07 (need_review)/DSC03369.JPG,
355,B2.07 (need_review),B2,DSC03370.JPG,raw_data/B2.07 (need_review)/DSC03370.JPG,
355,B2.07 (need_review),B2,DSC03371.JPG,raw_data/B2.07 (need_review)/DSC03371.JPG,
356,B2.07 (need_review),B2,DSC03387.JPG,raw_data/B2.07 (need_review)/DSC03387.JPG,
356,B2.07 (need_review),B2,DSC03388.JPG,raw_data/B2.07 (need_review)/DSC03388.JPG,
357,B2.07 (need_review),B2,DSC03395.JPG,raw_data/B2.07 (need_review)/DSC03395.JPG,
357,B2.07 (need_review),B2,DSC03396.JPG,raw_data/B2.07 (need_review)/DSC03396.JPG,
358,B2.07 (need_review),B2,DSC03405.JPG,raw_data/B2.07 (need_review)/DSC03405.JPG,
358,B2.07 (need_review),B2,DSC03406.JPG,raw_data/B2.07 (need_review)/DSC03406.JPG,
359,B2.07 (need_review),B2,DSC03414.JPG,raw_data/B2.07 (need_review)/DSC03414.JPG,
359,B2.07 (need_review),B2,DSC03415.JPG,raw_data/B2.07 (need_review)/DSC03415.JPG,
360,B2.07 (need_review),B2,DSC03416.JPG,raw_data/B2.07 (need_review)/DSC03416.JPG,
360,B2.07 (need_review),B2,DSC03417.JPG,raw_data/B2.07 (need_review)/DSC03417.JPG,
360,B2.07 (need_review),B2,DSC03418.JPG,raw_data/B2.07 (need_review)/DSC03418.JPG,
361,B2.07 (need_review),B2,DSC03419.JPG,raw_data/B2.07 (need_review)/DSC03419.JPG,
361,B2.07 (need_review),B2,DSC03420.JPG,raw_data/B2.07 (need_review)/DSC03420.JPG,
362,B2.07 (need_review),B2,DSC03422.JPG,raw_data/B2.07 (need_review)/DSC03422.JPG,
362,B2.07 (need_review),B2,DSC03423.JPG,raw_data/B2.07 (need_review)/DSC03423.JPG,
363,B2.07 (need_review),B2,DSC03425.JPG,raw_data/B2.07 (need_review)/DSC03425.JPG,
363,B2.07 (need_review),B2,DSC03426.JPG,raw_data/B2.07 (need_review)/DSC03426.JPG,
364,B2.07 (need_review),B2,DSC03428.JPG,raw_data/B2.07 (need_review)/DSC03428.JPG,
364,B2.07 (need_review),B2,DSC03429.JPG,raw_data/B2.07 (need_review)/DSC03429.JPG,
364,B2.07 (need_review),B2,DSC03430.JPG,raw_data/B2.07 (need_review)/DSC03430.JPG,
365,B2.07 (need_review),B2,DSC03438.JPG,raw_data/B2.07 (need_review)/DSC03438.JPG,
365,B2.07 (need_review),B2,DSC03439.JPG,raw_data/B2.07 (need_review)/DSC03439.JPG,
365,B2.07 (need_review),B2,DSC03440.JPG,raw_data/B2.07 (need_review)/DSC03440.JPG,
365,B2.07 (need_review),B2,DSC03441.JPG,raw_data/B2.07 (need_review)/DSC03441.JPG,
366,B2.07 (need_review),B2,DSC03443.JPG,raw_data/B2.07 (need_review)/DSC03443.JPG,
366,B2.07 (need_review),B2,DSC03444.JPG,raw_data/B2.07 (need_review)/DSC03444.JPG,
367,B2.07 (need_review),B2,DSC03448.JPG,raw_data/B2.07 (need_review)/DSC03448.JPG,
367,B2.07 (need_review),B2,DSC03449.JPG,raw_data/B2.07 (need_review)/DSC03449.JPG,
367,B2.07 (need_review),B2,DSC03450.JPG,raw_data/B2.07 (need_review)/DSC03450.JPG,
368,B2.07 (need_review),B2,DSC03460.JPG,raw_data/B2.07 (need_review)/DSC03460.JPG,
368,B2.07 (need_review),B2,DSC03461.JPG,raw_data/B2.07 (need_review)/DSC03461.JPG,
369,B2.07 (need_review),B2,DSC03463.JPG,raw_data/B2.07 (need_review)/DSC03463.JPG,
369,B2.07 (need_review),B2,DSC03464.JPG,raw_data/B2.07 (need_review)/DSC03464.JPG,
369,B2.07 (need_review),B2,DSC03465.JPG,raw_data/B2.07 (need_review)/DSC03465.JPG,
370,B2.07 (need_review),B2,DSC03468.JPG,raw_data/B2.07 (need_review)/DSC03468.JPG,
370,B2.07 (need_review),B2,DSC03469.JPG,raw_data/B2.07 (need_review)/DSC03469.JPG,
371,B2.07 (need_review),B2,DSC03472.JPG,raw_data/B2.07 (need_review)/DSC03472.JPG,
371,B2.07 (need_review),B2,DSC03473.JPG,raw_data/B2.07 (need_review)/DSC03473.JPG,
372,B2.07 (need_review),B2,DSC03490.JPG,raw_data/B2.07 (need_review)/DSC03490.JPG,
372,B2.07 (need_review),B2,DSC03492.JPG,raw_data/B2.07 (need_review)/DSC03492.JPG,
373,B2.09,B2,B2.09.Tha-Da_35.JPG,raw_data/B2.09/B2.09.Tha-Da_35.JPG,
373,B2.09,B2,B2.09.Tha-Da_37.JPG,raw_data/B2.09/B2.09.Tha-Da_37.JPG,
374,B2.10,B2,B2.10.War-Mus_07.jpg,raw_data/B2.10/B2.10.War-Mus_07.jpg,
374,B2.10,B2,B2.10.War-Mus_29.jpg,raw_data/B2.10/B2.10.War-Mus_29.jpg,
375,B2.10,B2,B2.10.War-Mus_14.jpg,raw_data/B2.10/B2.10.War-Mus_14.jpg,
375,B2.10,B2,B2.10.War-Mus_23.jpg,raw_data/B2.10/B2.10.War-Mus_23.jpg,
376,B2.11,B2,B2.11.Mil-Zon7_60.JPG,raw_data/B2.11/B2.11.Mil-Zon7_60.JPG,
376,B2.11,B2,B2.11.Mil-Zon7_61.JPG,raw_data/B2.11/B2.11.Mil-Zon7_61.JPG,
377,B2.13 (need_review),B2,DSC07117.JPG,raw_data/B2.13 (need_review)/DSC07117.JPG,
377,B2.13 (need_review),B2,DSC07119.JPG,raw_data/B2.13 (need_review)/DSC07119.JPG,
378,B2.14 (need_review),B2,DSC08540.JPG,raw_data/B2.14 (need_review)/DSC08540.JPG,
378,B2.14 (need_review),B2,DSC08541.JPG,raw_data/B2.14 (need_review)/DSC08541.JPG,
379,B2.14 (need_review),B2,DSC08591.JPG,raw_data/B2.14 (need_review)/DSC08591.JPG,
379,B2.14 (need_review),B2,DSC08592.JPG,raw_data/B2.14 (need_review)/DSC08592.JPG,
392,UEH-CSB,B2,DSC02094.JPG,raw_data/Other-Modernism/UEH-CSB/DSC02094.JPG,
392,UEH-CSB,B2,DSC02095.JPG,raw_data/Other-Modernism/UEH-CSB/DSC02095.JPG,
393,UEH-CSB,B2,DSC02102.JPG,raw_data/Other-Modernism/UEH-CSB/DSC02102.JPG,
393,UEH-CSB,B2,DSC02103.JPG,raw_data/Other-Modernism/UEH-CSB/DSC02103.JPG,
394,UEH-CSB,B2,DSC02125.JPG,raw_data/Other-Modernism/UEH-CSB/DSC02125.JPG,
394,UEH-CSB,B2,DSC02126.JPG,raw_data/Other-Modernism/UEH-CSB/DSC02126.JPG,
394,UEH-CSB,B2,DSC02127.JPG,raw_data/Other-Modernism/UEH-CSB/DSC02127.JPG,
394,UEH-CSB,B2,DSC02128.JPG,raw_data/Other-Modernism/UEH-CSB/DSC02128.JPG,
395,UEH-CSB,B2,DSC02132.JPG,raw_data/Other-Modernism/UEH-CSB/DSC02132.JPG,
395,UEH-CSB,B2,DSC02133.JPG,raw_data/Other-Modernism/UEH-CSB/DSC02133.JPG,
396,UEH-CSB,B2,DSC02148.JPG,raw_data/Other-Modernism/UEH-CSB/DSC02148.JPG,
396,UEH-CSB,B2,DSC02149.JPG,raw_data/Other-Modernism/UEH-CSB/DSC02149.JPG,
397,UEH-CSB,B2,DSC02151.JPG,raw_data/Other-Modernism/UEH-CSB/DSC02151.JPG,
397,UEH-CSB,B2,DSC02153.JPG,raw_data/Other-Modernism/UEH-CSB/DSC02153.JPG,
398,UEH-CSB,B2,DSC02174.JPG,raw_data/Other-Modernism/UEH-CSB/DSC02174.JPG,
398,UEH-CSB,B2,DSC02175.JPG,raw_data/Other-Modernism/UEH-CSB/DSC02175.JPG,
399,UEH-CSB,B2,DSC02176.JPG,raw_data/Other-Modernism/UEH-CSB/DSC02176.JPG,
399,UEH-CSB,B2,DSC02177.JPG,raw_data/Other-Modernism/UEH-CSB/DSC02177.JPG,
400,UEH-CSB,B2,DSC02181.JPG,raw_data/Other-Modernism/UEH-CSB/DSC02181.JPG,
400,UEH-CSB,B2,DSC02183.JPG,raw_data/Other-Modernism/UEH-CSB/DSC02183.JPG,
401,UEH-CSB,B2,DSC02184.JPG,raw_data/Other-Modernism/UEH-CSB/DSC02184.JPG,
401,UEH-CSB,B2,DSC02185.JPG,raw_data/Other-Modernism/UEH-CSB/DSC02185.JPG,
401,UEH-CSB,B2,DSC02186.JPG,raw_data/Other-Modernism/UEH-CSB/DSC02186.JPG,
402,UEH-CSB,B2,DSC02193.JPG,raw_data/Other-Modernism/UEH-CSB/DSC02193.JPG,
402,UEH-CSB,B2,DSC02194.JPG,raw_data/Other-Modernism/UEH-CSB/DSC02194.JPG,
402,UEH-CSB,B2,DSC02195.JPG,raw_data/Other-Modernism/UEH-CSB/DSC02195.JPG,
402,UEH-CSB,B2,DSC02196.JPG,raw_data/Other-Modernism/UEH-CSB/DSC02196.JPG,
403,UEH-CSB,B2,DSC02198.JPG,raw_data/Other-Modernism/UEH-CSB/DSC02198.JPG,
403,UEH-CSB,B2,DSC02201.JPG,raw_data/Other-Modernism/UEH-CSB/DSC02201.JPG,
403,UEH-CSB,B2,DSC02202.JPG,raw_data/Other-Modernism/UEH-CSB/DSC02202.JPG,
403,UEH-CSB,B2,DSC02230.JPG,raw_data/Other-Modernism/UEH-CSB/DSC02230.JPG,
404,UEH-CSB,B2,DSC02203.JPG,raw_data/Other-Modernism/UEH-CSB/DSC02203.JPG,
404,UEH-CSB,B2,DSC02204.JPG,raw_data/Other-Modernism/UEH-CSB/DSC02204.JPG,
404,UEH-CSB,B2,DSC02205.JPG,raw_data/Other-Modernism/UEH-CSB/DSC02205.JPG,
405,UEH-CSB,B2,DSC02217.JPG,raw_data/Other-Modernism/UEH-CSB/DSC02217.JPG,
405,UEH-CSB,B2,DSC02219.JPG,raw_data/Other-Modernism/UEH-CSB/DSC02219.JPG,
406,UEH-CSB,B2,DSC02224.JPG,raw_data/Other-Modernism/UEH-CSB/DSC02224.JPG,
406,UEH-CSB,B2,DSC02225.JPG,raw_data/Other-Modernism/UEH-CSB/DSC02225.JPG,
406,UEH-CSB,B2,DSC02226.JPG,raw_data/Other-Modernism/UEH-CSB/DSC02226.JPG,
406,UEH-CSB,B2,DSC02227.JPG,raw_data/Other-Modernism/UEH-CSB/DSC02227.JPG,
407,UEH-CSB,B2,DSC02251.JPG,raw_data/Other-Modernism/UEH-CSB/DSC02251.JPG,
407,UEH-CSB,B2,DSC02252.JPG,raw_data/Other-Modernism/UEH-CSB/DSC02252.JPG,
408,UEH-CSB,B2,DSC02254.JPG,raw_data/Other-Modernism/UEH-CSB/DSC02254.JPG,
408,UEH-CSB,B2,DSC02255.JPG,raw_data/Other-Modernism/UEH-CSB/DSC02255.JPG,
409,UEH-CSB,B2,DSC02256.JPG,raw_data/Other-Modernism/UEH-CSB/DSC02256.JPG,
409,UEH-CSB,B2,DSC02259.JPG,raw_data/Other-Modernism/UEH-CSB/DSC02259.JPG,
410,UEH-CSB,B2,DSC02260.JPG,raw_data/Other-Modernism/UEH-CSB/DSC02260.JPG,
410,UEH-CSB,B2,DSC02261.JPG,raw_data/Other-Modernism/UEH-CSB/DSC02261.JPG,
411,UEH-CSB,B2,DSC02264.JPG,raw_data/Other-Modernism/UEH-CSB/DSC02264.JPG,
411,UEH-CSB,B2,DSC02265.JPG,raw_data/Other-Modernism/UEH-CSB/DSC02265.JPG,
411,UEH-CSB,B2,DSC02266.JPG,raw_data/Other-Modernism/UEH-CSB/DSC02266.JPG,
412,UEH-CSB,B2,DSC02277.JPG,raw_data/Other-Modernism/UEH-CSB/DSC02277.JPG,
412,UEH-CSB,B2,DSC02278.JPG,raw_data/Other-Modernism/UEH-CSB/DSC02278.JPG,
