building_id,style_label,filename,file_path,outlier_score,action
A1.44,A1,A1.44.Nor-Pal_38.jpg,raw_data/A1.44/A1.44.Nor-Pal_38.jpg,1.0424247980117798,REMOVE
A1.24,A1,A1.24.Indo-Ban_265.JPG,raw_data/A1.24/A1.24.Indo-Ban_265.JPG,1.0387767553329468,REMOVE
A1.44,A1,A1.44.Nor-Pal_83.jpg,raw_data/A1.44/A1.44.Nor-Pal_83.jpg,1.0149236917495728,REMOVE
A1.44,A1,A1.44.Nor-Pal_29.jpg,raw_data/A1.44/A1.44.Nor-Pal_29.jpg,0.991940438747406,REMOVE
A1.44,A1,A1.44.Nor-Pal_48.jpg,raw_data/A1.44/A1.44.Nor-Pal_48.jpg,0.9880988001823424,REMOVE
A1.10,A1,A1.10.Fin-Art_57.jpg,raw_data/A1.10/A1.10.Fin-Art_57.jpg,0.984283447265625,REMOVE
A1.13,A1,phong-thi-nghiem-vien-pasteur-1754380901-1754381189.jpg.webp,raw_data/HistoricVietnam-OldPics/A1.13/phong-thi-nghiem-vien-pasteur-1754380901-1754381189.jpg.webp,0.9836745262145996,REMOVE
A1.34,A1,pe2OW6Bh.jpg,raw_data/HistoricVietnam-OldPics/A1.34/pe2OW6Bh.jpg,0.9767816662788392,REMOVE
A1.44,A1,A1.44.Nor-Pal_42.jpg,raw_data/A1.44/A1.44.Nor-Pal_42.jpg,0.9757798314094543,REMOVE
A1.05,A1,A1.05.Mus-His_11.jpg,raw_data/A1.05/A1.05.Mus-His_11.jpg,0.9698391556739808,REMOVE
A1.24,A1,A1.24.Indo-Ban_268.JPG,raw_data/A1.24/A1.24.Indo-Ban_268.JPG,0.9687549471855164,REMOVE
A1.03,A1,2.1-1024x671.jpg,raw_data/HistoricVietnam-OldPics/A1.03/2.1-1024x671.jpg,0.9667070508003236,REMOVE
A1.44,A1,A1.44.Nor-Pal_32.jpg,raw_data/A1.44/A1.44.Nor-Pal_32.jpg,0.9653651118278505,REMOVE
A1.24,A1,A1.24.Indo-Ban_247.JPG,raw_data/A1.24/A1.24.Indo-Ban_247.JPG,0.9652956128120422,REMOVE
A1.09,A1,A1.09.Eye-Hos_18.JPG,raw_data/A1.09/A1.09.Eye-Hos_18.JPG,0.9643926024436952,REMOVE
A1.44,A1,A1.44.Nor-Pal_34.jpg,raw_data/A1.44/A1.44.Nor-Pal_34.jpg,0.9613308906555176,REMOVE
A1.05,A1,A1.05.Mus-His_05.jpg,raw_data/A1.05/A1.05.Mus-His_05.jpg,0.9575053453445436,REMOVE
A1.05,A1,A1.05.Mus-His_12.jpg,raw_data/A1.05/A1.05.Mus-His_12.jpg,0.9574199318885804,REMOVE
A1.44,A1,A1.44.Nor-Pal_28.jpg,raw_data/A1.44/A1.44.Nor-Pal_28.jpg,0.9547851085662842,REMOVE
A1.44,A1,A1.44.Nor-Pal_46.jpg,raw_data/A1.44/A1.44.Nor-Pal_46.jpg,0.9536756873130798,REMOVE
A1.44,A1,A1.44.Nor-Pal_33.jpg,raw_data/A1.44/A1.44.Nor-Pal_33.jpg,0.9536139965057372,REMOVE
A1.44,A1,A1.44.Nor-Pal_61.jpg,raw_data/A1.44/A1.44.Nor-Pal_61.jpg,0.9518107175827026,REMOVE
A1.44,A1,A1.44.Nor-Pal_22.jpg,raw_data/A1.44/A1.44.Nor-Pal_22.jpg,0.9496657848358154,REMOVE
A1.44,A1,A1.44.Nor-Pal_24.jpg,raw_data/A1.44/A1.44.Nor-Pal_24.jpg,0.9485570192337036,REMOVE
A1.24,A1,A1.24.Indo-Ban_248.JPG,raw_data/A1.24/A1.24.Indo-Ban_248.JPG,0.9483107328414916,REMOVE
A1.44,A1,A1.44.Nor-Pal_36.jpg,raw_data/A1.44/A1.44.Nor-Pal_36.jpg,0.9470057487487792,REMOVE
A1.44,A1,A1.44.Nor-Pal_65.jpg,raw_data/A1.44/A1.44.Nor-Pal_65.jpg,0.9461219906806946,REMOVE
A1.44,A1,A1.44.Nor-Pal_81.jpg,raw_data/A1.44/A1.44.Nor-Pal_81.jpg,0.9433629512786864,KEEP
A1.26,A1,A1.26.Tan-Din_26.JPG,raw_data/A1.26/A1.26.Tan-Din_26.JPG,0.9424198269844056,REMOVE
A1.44,A1,A1.44.Nor-Pal_64.jpg,raw_data/A1.44/A1.44.Nor-Pal_64.jpg,0.9421030282974244,REMOVE
A1.44,A1,A1.44.Nor-Pal_79.jpg,raw_data/A1.44/A1.44.Nor-Pal_79.jpg,0.9379763603210448,REMOVE
A1.24,A1,A1.24.Indo-Ban_266.JPG,raw_data/A1.24/A1.24.Indo-Ban_266.JPG,0.937558889389038,REMOVE
A1.24,A1,A1.24.Indo-Ban_263.JPG,raw_data/A1.24/A1.24.Indo-Ban_263.JPG,0.9364996552467346,REMOVE
A1.44,A1,A1.44.Nor-Pal_55.jpg,raw_data/A1.44/A1.44.Nor-Pal_55.jpg,0.9355977773666382,REMOVE
A1.12,A1,A1.12.Chi-Hou_102.JPG,raw_data/A1.12/A1.12.Chi-Hou_102.JPG,0.935186803340912,REMOVE
A1.44,A1,A1.44.Nor-Pal_17.jpg,raw_data/A1.44/A1.44.Nor-Pal_17.jpg,0.9343871474266052,REMOVE
A1.44,A1,A1.44.Nor-Pal_50.jpg,raw_data/A1.44/A1.44.Nor-Pal_50.jpg,0.9327957630157472,REMOVE
A1.44,A1,A1.44.Nor-Pal_12.jpg,raw_data/A1.44/A1.44.Nor-Pal_12.jpg,0.932301700115204,REMOVE
A1.26,A1,A1.26.Tan-Din_27.JPG,raw_data/A1.26/A1.26.Tan-Din_27.JPG,0.9305566549301147,KEEP
A1.44,A1,A1.44.Nor-Pal_13.jpg,raw_data/A1.44/A1.44.Nor-Pal_13.jpg,0.9296822547912598,REMOVE
A1.08,A1,BfyCb0Gh.jpg,raw_data/HistoricVietnam-OldPics/A1.08/BfyCb0Gh.jpg,0.9277641177177428,REMOVE
A1.44,A1,A1.44.Nor-Pal_74.jpg,raw_data/A1.44/A1.44.Nor-Pal_74.jpg,0.9276711344718932,KEEP
A1.10,A1,A1.10.Fin-Art_39.jpg,raw_data/A1.10/A1.10.Fin-Art_39.jpg,0.9266477227211,REMOVE
A1.08,A1,cSzz4K5h.jpg,raw_data/HistoricVietnam-OldPics/A1.08/cSzz4K5h.jpg,0.9250919818878174,REMOVE
A1.44,A1,A1.44.Nor-Pal_31.jpg,raw_data/A1.44/A1.44.Nor-Pal_31.jpg,0.9231892824172974,REMOVE
A1.44,A1,A1.44.Nor-Pal_66.jpg,raw_data/A1.44/A1.44.Nor-Pal_66.jpg,0.9226368069648744,REMOVE
A1.05,A1,A1.05.Mus-His_07.jpg,raw_data/A1.05/A1.05.Mus-His_07.jpg,0.922335147857666,REMOVE
A1.10,A1,A1.10.Fin-Art_06.jpg,raw_data/A1.10/A1.10.Fin-Art_06.jpg,0.9207468628883362,REMOVE
A1.10,A1,A1.10.Fin-Art_30.jpg,raw_data/A1.10/A1.10.Fin-Art_30.jpg,0.9204446077346802,REMOVE
A1.44,A1,A1.44.Nor-Pal_49.jpg,raw_data/A1.44/A1.44.Nor-Pal_49.jpg,0.9204066395759584,REMOVE
A1.44,A1,A1.44.Nor-Pal_26.jpg,raw_data/A1.44/A1.44.Nor-Pal_26.jpg,0.9201881289482116,REMOVE
A1.44,A1,A1.44.Nor-Pal_27.jpg,raw_data/A1.44/A1.44.Nor-Pal_27.jpg,0.9192986488342284,REMOVE
A1.19,A1,extra-hotel-des-douanes-2.jpg.webp,raw_data/HistoricVietnam-OldPics/A1.19/extra-hotel-des-douanes-2.jpg.webp,0.9190451502799988,REMOVE
A1.26,A1,A1.26.Tan-Din_08.JPG,raw_data/A1.26/A1.26.Tan-Din_08.JPG,0.9160611629486084,KEEP
A1.44,A1,A1.44.Nor-Pal_58.jpg,raw_data/A1.44/A1.44.Nor-Pal_58.jpg,0.9153648018836976,REMOVE
A1.44,A1,A1.44.Nor-Pal_05.jpg,raw_data/A1.44/A1.44.Nor-Pal_05.jpg,0.9141916036605836,REMOVE
A1.44,A1,A1.44.Nor-Pal_59.jpg,raw_data/A1.44/A1.44.Nor-Pal_59.jpg,0.9103831052780152,REMOVE
A1.44,A1,A1.44.Nor-Pal_62.jpg,raw_data/A1.44/A1.44.Nor-Pal_62.jpg,0.9071448445320128,REMOVE
A1.24,A1,A1.24.Indo-Ban_267.JPG,raw_data/A1.24/A1.24.Indo-Ban_267.JPG,0.9066582918167114,REMOVE
A1.24,A1,A1.24.Indo-Ban_199.JPG,raw_data/A1.24/A1.24.Indo-Ban_199.JPG,0.9066069722175598,REMOVE
A1.44,A1,A1.44.Nor-Pal_08.jpg,raw_data/A1.44/A1.44.Nor-Pal_08.jpg,0.9033199548721312,REMOVE
A1.16,A1,98343630_2895592180489769_2393218947710189568_n.jpg,raw_data/HistoricVietnam-OldPics/A1.16/98343630_2895592180489769_2393218947710189568_n.jpg,0.901827037334442,REMOVE
A1.10,A1,A1.10.Fin-Art_25.jpg,raw_data/A1.10/A1.10.Fin-Art_25.jpg,0.9012827277183532,KEEP
A1.44,A1,A1.44.Nor-Pal_19.jpg,raw_data/A1.44/A1.44.Nor-Pal_19.jpg,0.9012203216552734,REMOVE
A1.10,A1,A1.10.Fin-Art_28.jpg,raw_data/A1.10/A1.10.Fin-Art_28.jpg,0.8980154395103455,REMOVE
A1.44,A1,A1.44.Nor-Pal_09.jpg,raw_data/A1.44/A1.44.Nor-Pal_09.jpg,0.897104799747467,REMOVE
A1.44,A1,A1.44.Nor-Pal_07.jpg,raw_data/A1.44/A1.44.Nor-Pal_07.jpg,0.8931012749671936,REMOVE
A1.26,A1,A1.26.Tan-Din_25.JPG,raw_data/A1.26/A1.26.Tan-Din_25.JPG,0.8898399472236633,KEEP
A1.44,A1,A1.44.Nor-Pal_23.jpg,raw_data/A1.44/A1.44.Nor-Pal_23.jpg,0.8881518840789795,REMOVE
A1.44,A1,A1.44.Nor-Pal_39.jpg,raw_data/A1.44/A1.44.Nor-Pal_39.jpg,0.887678861618042,REMOVE
A1.05,A1,A1.05.Mus-His_25.jpg,raw_data/A1.05/A1.05.Mus-His_25.jpg,0.8858601450920105,REMOVE
A1.24,A1,A1.24.Indo-Ban_203.JPG,raw_data/A1.24/A1.24.Indo-Ban_203.JPG,0.8840032815933228,REMOVE
A1.05,A1,A1.05.Mus-His_03.jpg,raw_data/A1.05/A1.05.Mus-His_03.jpg,0.8837746381759644,REMOVE
A1.44,A1,A1.44.Nor-Pal_67.jpg,raw_data/A1.44/A1.44.Nor-Pal_67.jpg,0.883376955986023,REMOVE
A1.27,A1,Bao sanh vien Dong Duong 1937.JPG,raw_data/HistoricVietnam-OldPics/A1.27/Bao sanh vien Dong Duong 1937.JPG,0.8832064867019653,REMOVE
A1.44,A1,A1.44.Nor-Pal_16.jpg,raw_data/A1.44/A1.44.Nor-Pal_16.jpg,0.8830069303512573,REMOVE
A1.17,A1,A1.17.Sai-Uni_33.JPG,raw_data/A1.17/A1.17.Sai-Uni_33.JPG,0.8813524842262268,REMOVE
A1.05,A1,A1.05.Mus-His_79.JPG,raw_data/A1.05/A1.05.Mus-His_79.JPG,0.8811132311820984,REMOVE
A1.18,A1,A1.18.TaD-Mar_22.JPG,raw_data/A1.18/A1.18.TaD-Mar_22.JPG,0.8780637383460999,REMOVE
A1.23,A1,nguyen-binh-khiem.jpg,raw_data/HistoricVietnam-OldPics/A1.23/nguyen-binh-khiem.jpg,0.8752827048301697,REMOVE
A1.44,A1,A1.44.Nor-Pal_51.jpg,raw_data/A1.44/A1.44.Nor-Pal_51.jpg,0.8747731447219849,REMOVE
A1.44,A1,A1.44.Nor-Pal_77.jpg,raw_data/A1.44/A1.44.Nor-Pal_77.jpg,0.8728164434432983,REMOVE
A1.26,A1,A1.26.Tan-Din_23.JPG,raw_data/A1.26/A1.26.Tan-Din_23.JPG,0.8707741498947144,KEEP
A1.25,A1,17-9.jpeg,raw_data/HistoricVietnam-OldPics/A1.25/17-9.jpeg,0.8707113265991211,REMOVE
A1.01,A1,dinh-xa-tay-5-1.jpg,raw_data/HistoricVietnam-OldPics/A1.01/dinh-xa-tay-5-1.jpg,0.8689051270484924,REMOVE
A1.44,A1,A1.44.Nor-Pal_10.jpg,raw_data/A1.44/A1.44.Nor-Pal_10.jpg,0.8683768510818481,REMOVE
A1.44,A1,A1.44.Nor-Pal_57.jpg,raw_data/A1.44/A1.44.Nor-Pal_57.jpg,0.8678436875343323,REMOVE
A1.07,A1,continental8.jpg,raw_data/HistoricVietnam-OldPics/A1.07/continental8.jpg,0.8674089908599854,REMOVE
A1.26,A1,A1.26.Tan-Din_51.JPG,raw_data/A1.26/A1.26.Tan-Din_51.JPG,0.8668227195739746,KEEP
A1.36,A1,Soeurs-de-Saint-Paul-i-1024x604.jpg,raw_data/HistoricVietnam-OldPics/A1.36/Soeurs-de-Saint-Paul-i-1024x604.jpg,0.8666458129882812,REMOVE
A1.24,A1,A1.24.Indo-Ban_253.JPG,raw_data/A1.24/A1.24.Indo-Ban_253.JPG,0.8661885857582092,REMOVE
A1.44,A1,A1.44.Nor-Pal_20.jpg,raw_data/A1.44/A1.44.Nor-Pal_20.jpg,0.8657163381576538,REMOVE
A1.44,A1,A1.44.Nor-Pal_100.jpg,raw_data/A1.44/A1.44.Nor-Pal_100.jpg,0.8652138710021973,REMOVE
A1.10,A1,A1.10.Fin-Art_05.jpg,raw_data/A1.10/A1.10.Fin-Art_05.jpg,0.8636466264724731,REMOVE
A1.05,A1,A1.05.Mus-His_14.jpg,raw_data/A1.05/A1.05.Mus-His_14.jpg,0.8622407913208008,REMOVE
A1.04,A1,A1.04.HCM-Mus_34.jpg,raw_data/A1.04/A1.04.HCM-Mus_34.jpg,0.8620986342430115,REMOVE
A1.26,A1,A1.26.Tan-Din_07.JPG,raw_data/A1.26/A1.26.Tan-Din_07.JPG,0.8620444536209106,REMOVE
A1.01,A1,toa-do-chanh-2.jpg,raw_data/HistoricVietnam-OldPics/A1.01/toa-do-chanh-2.jpg,0.8614354133605957,REMOVE
A1.01,A1,toa-do-chanh-61.jpg,raw_data/HistoricVietnam-OldPics/A1.01/toa-do-chanh-61.jpg,0.8610307574272156,REMOVE
A1.44,A1,A1.44.Nor-Pal_06.jpg,raw_data/A1.44/A1.44.Nor-Pal_06.jpg,0.8604201674461365,REMOVE
A1.02,A1,justice4.jpg,raw_data/HistoricVietnam-OldPics/A1.02/justice4.jpg,0.8598916530609131,REMOVE
A1.13,A1,A1.13.Pas-Ins_103.JPG,raw_data/A1.13/A1.13.Pas-Ins_103.JPG,0.8593424558639526,REMOVE
A1.17,A1,A1.17.Sai-Uni_26.JPG,raw_data/A1.17/A1.17.Sai-Uni_26.JPG,0.8579778075218201,KEEP
A1.24,A1,A1.24.Indo-Ban_264.JPG,raw_data/A1.24/A1.24.Indo-Ban_264.JPG,0.8571811318397522,REMOVE
A1.10,A1,A1.10.Fin-Art_56.jpg,raw_data/A1.10/A1.10.Fin-Art_56.jpg,0.8570579886436462,REMOVE
A1.10,A1,A1.10.Fin-Art_55.jpg,raw_data/A1.10/A1.10.Fin-Art_55.jpg,0.8567018508911133,REMOVE
A1.36,A1,A1.36.St-Paul_26.JPG,raw_data/A1.36/A1.36.St-Paul_26.JPG,0.8567005395889282,REMOVE
A1.36,A1,A1.36.St-Paul_29.JPG,raw_data/A1.36/A1.36.St-Paul_29.JPG,0.8558101058006287,KEEP
A1.10,A1,A1.10.Fin-Art_59.jpg,raw_data/A1.10/A1.10.Fin-Art_59.jpg,0.8549675941467285,REMOVE
A1.29,A1,579_001-1024x606.jpg,raw_data/HistoricVietnam-OldPics/A1.29/579_001-1024x606.jpg,0.8543142080307007,REMOVE
A1.04,A1,A1.04.HCM-Mus_26.jpg,raw_data/A1.04/A1.04.HCM-Mus_26.jpg,0.8533529043197632,KEEP
A1.05,A1,A1.05.Mus-His_09.jpg,raw_data/A1.05/A1.05.Mus-His_09.jpg,0.8510333895683289,REMOVE
A1.10,A1,A1.10.Fin-Art_51.jpg,raw_data/A1.10/A1.10.Fin-Art_51.jpg,0.8502600193023682,REMOVE
A1.08,A1,A1.08.MCH-Sch_01.JPG,raw_data/A1.08/A1.08.MCH-Sch_01.JPG,0.8494573831558228,REMOVE
A1.04,A1,A1.04.HCM-Mus_66.jpg,raw_data/A1.04/A1.04.HCM-Mus_66.jpg,0.8469148278236389,REMOVE
A1.07,A1,continental-48.jpg,raw_data/HistoricVietnam-OldPics/A1.07/continental-48.jpg,0.845588207244873,REMOVE
A1.05,A1,A1.05.Mus-His_01.jpg,raw_data/A1.05/A1.05.Mus-His_01.jpg,0.8437885046005249,REMOVE
A1.07,A1,continental-42.jpg,raw_data/HistoricVietnam-OldPics/A1.07/continental-42.jpg,0.8434801697731018,REMOVE
A1.01,A1,A1.01.Peo-com_28.JPG,raw_data/A1.01/A1.01.Peo-com_28.JPG,0.8432475328445435,REMOVE
A1.39,A1,4.15.1-Shell-Building-1955.jpg,raw_data/HistoricVietnam-OldPics/A1.39/4.15.1-Shell-Building-1955.jpg,0.842893123626709,REMOVE
A1.32,A1,506627954_9289959264437016_577299901153104093_n.jpg,raw_data/HistoricVietnam-OldPics/A1.32/506627954_9289959264437016_577299901153104093_n.jpg,0.8421030640602112,REMOVE
A1.01,A1,toa-do-chanh-3.jpg,raw_data/HistoricVietnam-OldPics/A1.01/toa-do-chanh-3.jpg,0.841498851776123,REMOVE
A1.06,A1,A1.06.TDN-Sch_09.JPG,raw_data/A1.06/A1.06.TDN-Sch_09.JPG,0.8414188623428345,REMOVE
A1.06,A1,DSC06400.JPG,raw_data/A1.06/DSC06400.JPG,0.8414188623428345,REMOVE
A1.22,A1,05b.jpg,raw_data/HistoricVietnam-OldPics/A1.22/05b.jpg,0.8409795761108398,REMOVE
A1.10,A1,A1.10.Fin-Art_40.jpg,raw_data/A1.10/A1.10.Fin-Art_40.jpg,0.8400570154190063,REMOVE
A1.24,A1,A1.24.Indo-Ban_202.JPG,raw_data/A1.24/A1.24.Indo-Ban_202.JPG,0.8399975299835205,REMOVE
A1.10,A1,A1.10.Fin-Art_46.jpg,raw_data/A1.10/A1.10.Fin-Art_46.jpg,0.8397341966629028,KEEP
A1.44,A1,A1.44.Nor-Pal_72.jpg,raw_data/A1.44/A1.44.Nor-Pal_72.jpg,0.8391011357307434,KEEP
A1.39,A1,8594583280_eb6b9f6ebf_o-1024x733.jpg,raw_data/HistoricVietnam-OldPics/A1.39/8594583280_eb6b9f6ebf_o-1024x733.jpg,0.83907550573349,REMOVE
A1.36,A1,La-Sainte-Enfance-par-Emile-Gsell-ca.1866-1024x716.jpg,raw_data/HistoricVietnam-OldPics/A1.36/La-Sainte-Enfance-par-Emile-Gsell-ca.1866-1024x716.jpg,0.8386082053184509,REMOVE
A1.24,A1,A1.24.Indo-Ban_210.JPG,raw_data/A1.24/A1.24.Indo-Ban_210.JPG,0.8380317687988281,KEEP
A1.44,A1,A1.44.Nor-Pal_53.jpg,raw_data/A1.44/A1.44.Nor-Pal_53.jpg,0.8367985486984253,REMOVE
A1.44,A1,A1.44.Nor-Pal_37.jpg,raw_data/A1.44/A1.44.Nor-Pal_37.jpg,0.8351629972457886,KEEP
A1.01,A1,A1.01.Peo-com_90.JPG,raw_data/A1.01/A1.01.Peo-com_90.JPG,0.834114134311676,REMOVE
A1.04,A1,A1.04.HCM-Mus_33.jpg,raw_data/A1.04/A1.04.HCM-Mus_33.jpg,0.8340811729431152,REMOVE
A1.07,A1,A1.07.Hot-Con_50.JPG,raw_data/A1.07/A1.07.Hot-Con_50.JPG,0.8327797651290894,KEEP
A1.21,A1,saigon-2.jpg,raw_data/HistoricVietnam-OldPics/A1.21/saigon-2.jpg,0.832186222076416,REMOVE
A1.10,A1,A1.10.Fin-Art_18.jpg,raw_data/A1.10/A1.10.Fin-Art_18.jpg,0.8317393064498901,KEEP
A1.01,A1,A1.01.Peo-com_33.JPG,raw_data/A1.01/A1.01.Peo-com_33.JPG,0.830697238445282,REMOVE
A1.07,A1,continental-52.jpg,raw_data/HistoricVietnam-OldPics/A1.07/continental-52.jpg,0.8304065465927124,REMOVE
A1.03,A1,XX-scaled.jpg,raw_data/HistoricVietnam-OldPics/A1.03/XX-scaled.jpg,0.830288827419281,REMOVE
A1.44,A1,A1.44.Nor-Pal_40.jpg,raw_data/A1.44/A1.44.Nor-Pal_40.jpg,0.8287296295166016,REMOVE
A1.24,A1,A1.24.Indo-Ban_114.JPG,raw_data/A1.24/A1.24.Indo-Ban_114.JPG,0.828425943851471,KEEP
A1.01,A1,A1.01.Peo-com_29.JPG,raw_data/A1.01/A1.01.Peo-com_29.JPG,0.8280697464942932,REMOVE
A1.18,A1,A1.18.TaD-Mar_26.JPG,raw_data/A1.18/A1.18.TaD-Mar_26.JPG,0.8277515172958374,REMOVE
A1.35,A1,post-2.jpg,raw_data/HistoricVietnam-OldPics/A1.35/post-2.jpg,0.8274883031845093,REMOVE
A1.10,A1,A1.10.Fin-Art_10.jpg,raw_data/A1.10/A1.10.Fin-Art_10.jpg,0.8273553252220154,REMOVE
A1.10,A1,A1.10.Fin-Art_53.jpg,raw_data/A1.10/A1.10.Fin-Art_53.jpg,0.8266024589538574,REMOVE
A1.35,A1,buu-dien-12.jpg,raw_data/HistoricVietnam-OldPics/A1.35/buu-dien-12.jpg,0.8263359069824219,REMOVE
A1.07,A1,A1.07.Hot-Con_51.JPG,raw_data/A1.07/A1.07.Hot-Con_51.JPG,0.8260830044746399,REMOVE
A1.18,A1,A1.18.TaD-Mar_25.JPG,raw_data/A1.18/A1.18.TaD-Mar_25.JPG,0.8245900869369507,REMOVE
A1.01,A1,toa-do-chanh-33.jpg,raw_data/HistoricVietnam-OldPics/A1.01/toa-do-chanh-33.jpg,0.8239736557006836,REMOVE
A1.44,A1,A1.44.Nor-Pal_98.jpg,raw_data/A1.44/A1.44.Nor-Pal_98.jpg,0.8231353163719177,REMOVE
A1.24,A1,A1.24.Indo-Ban_211.JPG,raw_data/A1.24/A1.24.Indo-Ban_211.JPG,0.8227691650390625,KEEP
A1.44,A1,A1.44.Nor-Pal_91.jpg,raw_data/A1.44/A1.44.Nor-Pal_91.jpg,0.8218321800231934,KEEP
A1.44,A1,A1.44.Nor-Pal_97.jpg,raw_data/A1.44/A1.44.Nor-Pal_97.jpg,0.8208571076393127,REMOVE
A1.44,A1,A1.44.Nor-Pal_35.jpg,raw_data/A1.44/A1.44.Nor-Pal_35.jpg,0.8191791772842407,KEEP
A1.23,A1,trung-vuong.jpg,raw_data/HistoricVietnam-OldPics/A1.23/trung-vuong.jpg,0.8188905715942383,REMOVE
A1.11,A1,Saïgon.-Lycée-Chasseloup-Laubat.-Deux-jeunes-professeurs-annamites-1947-1024x978.jpg,raw_data/HistoricVietnam-OldPics/A1.11/Saïgon.-Lycée-Chasseloup-Laubat.-Deux-jeunes-professeurs-annamites-1947-1024x978.jpg,0.8184296488761902,REMOVE
A1.01,A1,A1.01.Peo-com_04.JPG,raw_data/A1.01/A1.01.Peo-com_04.JPG,0.8182289600372314,REMOVE
A1.18,A1,A1.18.TaD-Mar_46.JPG,raw_data/A1.18/A1.18.TaD-Mar_46.JPG,0.8180934190750122,KEEP
A1.04,A1,dinh-gia-long14.jpg,raw_data/HistoricVietnam-OldPics/A1.04/dinh-gia-long14.jpg,0.8176537752151489,REMOVE
A1.44,A1,A1.44.Nor-Pal_94.jpg,raw_data/A1.44/A1.44.Nor-Pal_94.jpg,0.8168929815292358,REMOVE
A1.44,A1,A1.44.Nor-Pal_54.jpg,raw_data/A1.44/A1.44.Nor-Pal_54.jpg,0.8165748119354248,REMOVE
A1.36,A1,A1.36.St-Paul_28.JPG,raw_data/A1.36/A1.36.St-Paul_28.JPG,0.8149746060371399,REMOVE
A1.26,A1,A1.26.Tan-Din_24.JPG,raw_data/A1.26/A1.26.Tan-Din_24.JPG,0.8148400783538818,REMOVE
A1.04,A1,A1.04.HCM-Mus_60.png,raw_data/A1.04/A1.04.HCM-Mus_60.png,0.8147256374359131,KEEP
A1.15,A1,A1.15.VTT-Sch_38.JPG,raw_data/A1.15/A1.15.VTT-Sch_38.JPG,0.8145358562469482,REMOVE
A1.01,A1,toa-do-chanh-27.jpg,raw_data/HistoricVietnam-OldPics/A1.01/toa-do-chanh-27.jpg,0.8141738176345825,REMOVE
A1.01,A1,dinh-xa-tay-4-1.jpg,raw_data/HistoricVietnam-OldPics/A1.01/dinh-xa-tay-4-1.jpg,0.8138322830200195,REMOVE
A1.01,A1,toa-do-chanh-11.jpg,raw_data/HistoricVietnam-OldPics/A1.01/toa-do-chanh-11.jpg,0.813719630241394,REMOVE
A1.44,A1,5536847066_18b6a7b809_o-1024x639.jpg,raw_data/HistoricVietnam-OldPics/A1.44/5536847066_18b6a7b809_o-1024x639.jpg,0.8131919503211975,REMOVE
A1.44,A1,A1.44.Nor-Pal_52.jpg,raw_data/A1.44/A1.44.Nor-Pal_52.jpg,0.8129369616508484,REMOVE
A1.44,A1,A1.44.Nor-Pal_71.jpg,raw_data/A1.44/A1.44.Nor-Pal_71.jpg,0.8127464056015015,REMOVE
A1.29,A1,A1.29.Lab-Cul_21.JPG,raw_data/A1.29/A1.29.Lab-Cul_21.JPG,0.812134861946106,REMOVE
A1.10,A1,A1.10.Fin-Art_26.jpg,raw_data/A1.10/A1.10.Fin-Art_26.jpg,0.8116893768310547,REMOVE
A1.44,A1,A1.44.Nor-Pal_82.jpg,raw_data/A1.44/A1.44.Nor-Pal_82.jpg,0.8114988803863525,REMOVE
A1.18,A1,A1.18.TaD-Mar_44.JPG,raw_data/A1.18/A1.18.TaD-Mar_44.JPG,0.8113650679588318,KEEP
A1.44,A1,A1.44.Nor-Pal_87.jpg,raw_data/A1.44/A1.44.Nor-Pal_87.jpg,0.8083947896957397,REMOVE
A1.44,A1,A1.44.Nor-Pal_30.jpg,raw_data/A1.44/A1.44.Nor-Pal_30.jpg,0.8082784414291382,REMOVE
A1.18,A1,A1.18.TaD-Mar_33.JPG,raw_data/A1.18/A1.18.TaD-Mar_33.JPG,0.8080301284790039,REMOVE
A1.12,A1,A1.12.Chi-Hou_94.JPG,raw_data/A1.12/A1.12.Chi-Hou_94.JPG,0.8078018426895142,KEEP
A1.18,A1,586572747_1150006883950130_5444737542243232901_n.jpg,raw_data/HistoricVietnam-OldPics/A1.18/586572747_1150006883950130_5444737542243232901_n.jpg,0.8075234889984131,REMOVE
A1.03,A1,saigon-opera-29.jpg,raw_data/HistoricVietnam-OldPics/A1.03/saigon-opera-29.jpg,0.8070630431175232,REMOVE
A1.01,A1,toa-do-chanh-21.jpg,raw_data/HistoricVietnam-OldPics/A1.01/toa-do-chanh-21.jpg,0.8070298433303833,REMOVE
A1.28,A1,A1.28.Cam-Mus_22.JPG,raw_data/A1.28/A1.28.Cam-Mus_22.JPG,0.8054801821708679,REMOVE
A1.18,A1,A1.18.TaD-Mar_48.JPG,raw_data/A1.18/A1.18.TaD-Mar_48.JPG,0.8047676086425781,REMOVE
A1.18,A1,A1.18.TaD-Mar_30.JPG,raw_data/A1.18/A1.18.TaD-Mar_30.JPG,0.8039376735687256,REMOVE
A1.08,A1,nnlXYqMh.jpg,raw_data/HistoricVietnam-OldPics/A1.08/nnlXYqMh.jpg,0.8034182786941528,REMOVE
A1.28,A1,A1.28.Cam-Mus_16.JPG,raw_data/A1.28/A1.28.Cam-Mus_16.JPG,0.8033267259597778,REMOVE
A1.04,A1,A1.04.HCM-Mus_32.jpg,raw_data/A1.04/A1.04.HCM-Mus_32.jpg,0.8030731678009033,REMOVE
A1.04,A1,A1.04.HCM-Mus_35.jpg,raw_data/A1.04/A1.04.HCM-Mus_35.jpg,0.8030658960342407,KEEP
A1.01,A1,VA066641_Referendum_Diem_v._Bao_Dai_1955.jpg,raw_data/HistoricVietnam-OldPics/A1.01/VA066641_Referendum_Diem_v._Bao_Dai_1955.jpg,0.8030213713645935,REMOVE
A1.22,A1,cho-ben-thanh23.jpg,raw_data/HistoricVietnam-OldPics/A1.22/cho-ben-thanh23.jpg,0.8023072481155396,REMOVE
A1.24,A1,A1.24.Indo-Ban_126.JPG,raw_data/A1.24/A1.24.Indo-Ban_126.JPG,0.8018505573272705,REMOVE
A1.24,A1,A1.24.Indo-Ban_201.JPG,raw_data/A1.24/A1.24.Indo-Ban_201.JPG,0.8017770648002625,REMOVE
A1.05,A1,A1.05.Mus-His_40.JPG,raw_data/A1.05/A1.05.Mus-His_40.JPG,0.8017336130142212,REMOVE
A1.44,A1,A1.44.Nor-Pal_99.jpg,raw_data/A1.44/A1.44.Nor-Pal_99.jpg,0.8012622594833374,REMOVE
A1.44,A1,A1.44.Nor-Pal_75.jpg,raw_data/A1.44/A1.44.Nor-Pal_75.jpg,0.8004059791564941,REMOVE
A1.05,A1,A1.05.Mus-His_23.jpg,raw_data/A1.05/A1.05.Mus-His_23.jpg,0.7996994853019714,REMOVE
A1.10,A1,A1.10.Fin-Art_01.jpg,raw_data/A1.10/A1.10.Fin-Art_01.jpg,0.7996177673339844,KEEP
A1.16,A1,97094336_2895585177157136_6407576410851901440_n.jpg,raw_data/HistoricVietnam-OldPics/A1.16/97094336_2895585177157136_6407576410851901440_n.jpg,0.7995192408561707,REMOVE
A1.24,A1,A1.24.Indo-Ban_180.JPG,raw_data/A1.24/A1.24.Indo-Ban_180.JPG,0.7992898225784302,KEEP
A1.07,A1,A1.07.Hot-Con_49.JPG,raw_data/A1.07/A1.07.Hot-Con_49.JPG,0.7992615699768066,REMOVE
A1.19,A1,bach-dang-10.jpg,raw_data/HistoricVietnam-OldPics/A1.19/bach-dang-10.jpg,0.7989159822463989,REMOVE
A1.15,A1,vtt11.jpg,raw_data/HistoricVietnam-OldPics/A1.15/vtt11.jpg,0.7975285053253174,REMOVE
A1.10,A1,A1.10.Fin-Art_09.jpg,raw_data/A1.10/A1.10.Fin-Art_09.jpg,0.7969282865524292,REMOVE
A1.44,A1,A1.44.Nor-Pal_11.jpg,raw_data/A1.44/A1.44.Nor-Pal_11.jpg,0.7963649034500122,REMOVE
A1.06,A1,A1.06.TDN-Sch_165.JPG,raw_data/A1.06/A1.06.TDN-Sch_165.JPG,0.7943259477615356,REMOVE
A1.06,A1,DSC05991.JPG,raw_data/A1.06/DSC05991.JPG,0.7943259477615356,KEEP
A1.01,A1,A1.01.Peo-com_91.JPG,raw_data/A1.01/A1.01.Peo-com_91.JPG,0.7935612797737122,REMOVE
A1.10,A1,A1.10.Fin-Art_33.jpg,raw_data/A1.10/A1.10.Fin-Art_33.jpg,0.7930285334587097,REMOVE
A1.44,A1,A1.44.Nor-Pal_101.jpg,raw_data/A1.44/A1.44.Nor-Pal_101.jpg,0.7929931879043579,REMOVE
A1.42,A1,A1.42.BIDV-Bui_22.JPG,raw_data/A1.42/A1.42.BIDV-Bui_22.JPG,0.7928917407989502,KEEP
A1.04,A1,A1.04.HCM-Mus_31.jpg,raw_data/A1.04/A1.04.HCM-Mus_31.jpg,0.792303740978241,REMOVE
A1.18,A1,A1.18.TaD-Mar_49.JPG,raw_data/A1.18/A1.18.TaD-Mar_49.JPG,0.7915063500404358,KEEP
A2.01,A2,A2.01.Uni-Squa_15.JPG,raw_data/A2.01/A2.01.Uni-Squa_15.JPG,0.9770814776420592,REMOVE
A2.01,A2,A2.01.Uni-Squa_55.JPG,raw_data/A2.01/A2.01.Uni-Squa_55.JPG,0.9611226320266724,REMOVE
A2.01,A2,A2.01.Uni-Squa_52.JPG,raw_data/A2.01/A2.01.Uni-Squa_52.JPG,0.9499518275260924,REMOVE
A2.01,A2,A2.01.Uni-Squa_13.JPG,raw_data/A2.01/A2.01.Uni-Squa_13.JPG,0.9394051432609558,KEEP
A2.14,A2,A2.14.LBM-Tow_33.JPG,raw_data/A2.14/A2.14.LBM-Tow_33.JPG,0.9333120584487916,KEEP
A2.01,A2,A2.01.Uni-Squa_59.JPG,raw_data/A2.01/A2.01.Uni-Squa_59.JPG,0.9313381910324096,REMOVE
A2.01,A2,A2.01.Uni-Squa_60.JPG,raw_data/A2.01/A2.01.Uni-Squa_60.JPG,0.9288668632507324,REMOVE
A2.01,A2,A2.01.Uni-Squa_12.JPG,raw_data/A2.01/A2.01.Uni-Squa_12.JPG,0.9248875975608826,KEEP
A2.01,A2,A2.01.Uni-Squa_48.JPG,raw_data/A2.01/A2.01.Uni-Squa_48.JPG,0.916044294834137,REMOVE
A2.01,A2,A2.01.Uni-Squa_16.JPG,raw_data/A2.01/A2.01.Uni-Squa_16.JPG,0.8916213512420654,KEEP
A2.01,A2,A2.01.Uni-Squa_41.JPG,raw_data/A2.01/A2.01.Uni-Squa_41.JPG,0.8800500631332397,KEEP
A2.01,A2,A2.01.Uni-Squa_33.JPG,raw_data/A2.01/A2.01.Uni-Squa_33.JPG,0.8776243925094604,KEEP
A2.21,A2,A2.21.Cons-Mus_08.JPG,raw_data/A2.21/A2.21.Cons-Mus_08.JPG,0.8770452737808228,KEEP
A2.05,A2,514415141_1095025962532204_4349941074748979548_n.jpg,raw_data/HistoricVietnam-OldPics/A2.05/514415141_1095025962532204_4349941074748979548_n.jpg,0.8536672592163086,REMOVE
A2.01,A2,A2.01.Uni-Squa_11.JPG,raw_data/A2.01/A2.01.Uni-Squa_11.JPG,0.8519841432571411,KEEP
A2.01,A2,A2.01.Uni-Squa_04.JPG,raw_data/A2.01/A2.01.Uni-Squa_04.JPG,0.8449071645736694,KEEP
A2.01,A2,A2.01.Uni-Squa_02.JPG,raw_data/A2.01/A2.01.Uni-Squa_02.JPG,0.843625009059906,KEEP
A2.01,A2,A2.01.Uni-Squa_01.JPG,raw_data/A2.01/A2.01.Uni-Squa_01.JPG,0.8362629413604736,KEEP
A2.01,A2,A2.01.Uni-Squa_25.JPG,raw_data/A2.01/A2.01.Uni-Squa_25.JPG,0.8333210945129395,KEEP
A2.01,A2,A2.01.Uni-Squa_50.JPG,raw_data/A2.01/A2.01.Uni-Squa_50.JPG,0.8330042958259583,REMOVE
A2.21,A2,A2.21.Cons-Mus_32.JPG,raw_data/A2.21/A2.21.Cons-Mus_32.JPG,0.8302983045578003,KEEP
A2.01,A2,A2.01.Uni-Squa_08.JPG,raw_data/A2.01/A2.01.Uni-Squa_08.JPG,0.8260762691497803,KEEP
A2.01,A2,A2.01.Uni-Squa_39.JPG,raw_data/A2.01/A2.01.Uni-Squa_39.JPG,0.8215588331222534,KEEP
A2.01,A2,A2.01.Uni-Squa_29.JPG,raw_data/A2.01/A2.01.Uni-Squa_29.JPG,0.8077090978622437,KEEP
A2.15,A2,A2.15.New-Wor_14.JPG,raw_data/A2.15/A2.15.New-Wor_14.JPG,0.8068561553955078,KEEP
A2.01,A2,A2.01.Uni-Squa_43.JPG,raw_data/A2.01/A2.01.Uni-Squa_43.JPG,0.8003605008125305,REMOVE
A2.18,A2,A2.18.MTN-Par_15.JPG,raw_data/A2.18/A2.18.MTN-Par_15.JPG,0.7966234683990479,KEEP
A2.01,A2,A2.01.Uni-Squa_26.JPG,raw_data/A2.01/A2.01.Uni-Squa_26.JPG,0.7927552461624146,KEEP
A2.01,A2,A2.01.Uni-Squa_20.JPG,raw_data/A2.01/A2.01.Uni-Squa_20.JPG,0.7916938066482544,KEEP
B1.07,B1,B1.07.Tho-Nha_40.jpg,raw_data/B1.07/B1.07.Tho-Nha_40.jpg,0.9694169759750366,REMOVE
B1.06,B1,B1.06.Geo-Mus_82.jpg,raw_data/B1.06/B1.06.Geo-Mus_82.jpg,0.9507575035095216,KEEP
B1.06,B1,B1.06.Geo-Mus_89.jpg,raw_data/B1.06/B1.06.Geo-Mus_89.jpg,0.9484117031097412,KEEP
B1.06,B1,B1.06.Geo-Mus_85.jpg,raw_data/B1.06/B1.06.Geo-Mus_85.jpg,0.947060227394104,KEEP
B1.06,B1,B1.06.Geo-Mus_45.jpg,raw_data/B1.06/B1.06.Geo-Mus_45.jpg,0.9401277899742126,REMOVE
B1.06,B1,B1.06.Geo-Mus_16.jpg,raw_data/B1.06/B1.06.Geo-Mus_16.jpg,0.9384647011756896,KEEP
B1.07,B1,B1.07.Tho-Nha_11.jpg,raw_data/B1.07/B1.07.Tho-Nha_11.jpg,0.9315710067749025,REMOVE
B1.06,B1,B1.06.Geo-Mus_46.jpg,raw_data/B1.06/B1.06.Geo-Mus_46.jpg,0.9268330335617064,KEEP
B1.24,B1,thu-vien-abraham-lincoln-6.jpg,raw_data/HistoricVietnam-OldPics/B1.24/thu-vien-abraham-lincoln-6.jpg,0.9223538041114808,REMOVE
B1.06,B1,B1.06.Geo-Mus_74.jpg,raw_data/B1.06/B1.06.Geo-Mus_74.jpg,0.9206150770187378,KEEP
B1.06,B1,B1.06.Geo-Mus_80.jpg,raw_data/B1.06/B1.06.Geo-Mus_80.jpg,0.9182220697402954,KEEP
B1.10,B1,B1.10.Tur-Lak_100.jpg,raw_data/B1.10/B1.10.Tur-Lak_100.jpg,0.9145243167877196,REMOVE
B1.06,B1,B1.06.Geo-Mus_84.jpg,raw_data/B1.06/B1.06.Geo-Mus_84.jpg,0.9118343591690063,KEEP
B1.07,B1,B1.07.Tho-Nha_49.jpg,raw_data/B1.07/B1.07.Tho-Nha_49.jpg,0.9065939784049988,REMOVE
B1.07,B1,B1.07.Tho-Nha_103.jpg,raw_data/B1.07/B1.07.Tho-Nha_103.jpg,0.9036329388618468,REMOVE
B1.06,B1,B1.06.Geo-Mus_94.jpg,raw_data/B1.06/B1.06.Geo-Mus_94.jpg,0.9026580452919006,KEEP
B1.06,B1,B1.06.Geo-Mus_75.jpg,raw_data/B1.06/B1.06.Geo-Mus_75.jpg,0.902652621269226,KEEP
B1.07,B1,B1.07.Tho-Nha_77.jpg,raw_data/B1.07/B1.07.Tho-Nha_77.jpg,0.9021703004837036,REMOVE
B1.07,B1,B1.07.Tho-Nha_65.jpg,raw_data/B1.07/B1.07.Tho-Nha_65.jpg,0.9000800848007202,REMOVE
B1.03,B1,B1.03.Gen-Lib_01.JPG,raw_data/B1.03/B1.03.Gen-Lib_01.JPG,0.9000754952430725,KEEP
B1.06,B1,B1.06.Geo-Mus_50.jpg,raw_data/B1.06/B1.06.Geo-Mus_50.jpg,0.8972008228302002,KEEP
B1.07,B1,B1.07.Tho-Nha_53.jpg,raw_data/B1.07/B1.07.Tho-Nha_53.jpg,0.8970100283622742,KEEP
B1.07,B1,B1.07.Tho-Nha_51.jpg,raw_data/B1.07/B1.07.Tho-Nha_51.jpg,0.8968666791915894,REMOVE
B1.06,B1,B1.06.Geo-Mus_87.jpg,raw_data/B1.06/B1.06.Geo-Mus_87.jpg,0.8946398496627808,KEEP
B1.06,B1,B1.06.Geo-Mus_55.jpg,raw_data/B1.06/B1.06.Geo-Mus_55.jpg,0.8935515284538269,KEEP
B1.07,B1,B1.07.Tho-Nha_30.jpg,raw_data/B1.07/B1.07.Tho-Nha_30.jpg,0.8934333324432373,REMOVE
B1.06,B1,B1.06.Geo-Mus_79.jpg,raw_data/B1.06/B1.06.Geo-Mus_79.jpg,0.8930394053459167,KEEP
B1.06,B1,B1.06.Geo-Mus_39.jpg,raw_data/B1.06/B1.06.Geo-Mus_39.jpg,0.8922399878501892,KEEP
B1.07,B1,B1.07.Tho-Nha_48.jpg,raw_data/B1.07/B1.07.Tho-Nha_48.jpg,0.8884434103965759,KEEP
B1.07,B1,B1.07.Tho-Nha_67.jpg,raw_data/B1.07/B1.07.Tho-Nha_67.jpg,0.8876067399978638,REMOVE
B1.06,B1,B1.06.Geo-Mus_92.jpg,raw_data/B1.06/B1.06.Geo-Mus_92.jpg,0.8843026161193848,KEEP
B1.07,B1,B1.07.Tho-Nha_17.jpg,raw_data/B1.07/B1.07.Tho-Nha_17.jpg,0.8819488883018494,KEEP
B1.06,B1,B1.06.Geo-Mus_86.jpg,raw_data/B1.06/B1.06.Geo-Mus_86.jpg,0.8815428614616394,KEEP
B1.17 (need_review),B1,Contemporary_Pre86era_Palacehotelsaigon_015.jpg,raw_data/B1.17 (need_review)/Contemporary_Pre86era_Palacehotelsaigon_015.jpg,0.8814477324485779,KEEP
B1.06,B1,B1.06.Geo-Mus_76.jpg,raw_data/B1.06/B1.06.Geo-Mus_76.jpg,0.8804196119308472,KEEP
B1.07,B1,B1.07.Tho-Nha_68.jpg,raw_data/B1.07/B1.07.Tho-Nha_68.jpg,0.8798170685768127,KEEP
B1.03,B1,B1.03.Gen-Lib_106.JPG,raw_data/B1.03/B1.03.Gen-Lib_106.JPG,0.879816472530365,KEEP
B1.07,B1,B1.07.Tho-Nha_28.jpg,raw_data/B1.07/B1.07.Tho-Nha_28.jpg,0.8793323040008545,KEEP
B1.06,B1,B1.06.Geo-Mus_43.jpg,raw_data/B1.06/B1.06.Geo-Mus_43.jpg,0.878736674785614,KEEP
B1.07,B1,B1.07.Tho-Nha_61.jpg,raw_data/B1.07/B1.07.Tho-Nha_61.jpg,0.8784853219985962,KEEP
B1.07,B1,B1.07.Tho-Nha_43.jpg,raw_data/B1.07/B1.07.Tho-Nha_43.jpg,0.8782158493995667,REMOVE
B1.06,B1,B1.06.Geo-Mus_61.jpg,raw_data/B1.06/B1.06.Geo-Mus_61.jpg,0.8781840205192566,KEEP
B1.06,B1,B1.06.Geo-Mus_44.jpg,raw_data/B1.06/B1.06.Geo-Mus_44.jpg,0.877243161201477,KEEP
B1.06,B1,B1.06.Geo-Mus_51.jpg,raw_data/B1.06/B1.06.Geo-Mus_51.jpg,0.8709059953689575,KEEP
B1.06,B1,B1.06.Geo-Mus_93.jpg,raw_data/B1.06/B1.06.Geo-Mus_93.jpg,0.8699082136154175,KEEP
B1.06,B1,B1.06.Geo-Mus_90.jpg,raw_data/B1.06/B1.06.Geo-Mus_90.jpg,0.869251012802124,KEEP
B1.07,B1,B1.07.Tho-Nha_58.jpg,raw_data/B1.07/B1.07.Tho-Nha_58.jpg,0.8690508604049683,KEEP
B1.07,B1,B1.07.Tho-Nha_110.jpg,raw_data/B1.07/B1.07.Tho-Nha_110.jpg,0.8678808212280273,REMOVE
B1.10,B1,B1.10.Tur-Lak_64.jpg,raw_data/B1.10/B1.10.Tur-Lak_64.jpg,0.8669748306274414,KEEP
B1.03,B1,B1.03.Gen-Lib_187.JPG,raw_data/B1.03/B1.03.Gen-Lib_187.JPG,0.86680006980896,KEEP
B1.06,B1,B1.06.Geo-Mus_40.jpg,raw_data/B1.06/B1.06.Geo-Mus_40.jpg,0.8647235631942749,REMOVE
B1.17 (need_review),B1,Contemporary_Pre86era_Palacehotelsaigon_006.jpg,raw_data/B1.17 (need_review)/Contemporary_Pre86era_Palacehotelsaigon_006.jpg,0.8638519048690796,KEEP
B1.07,B1,B1.07.Tho-Nha_06.jpg,raw_data/B1.07/B1.07.Tho-Nha_06.jpg,0.8628728985786438,REMOVE
B1.07,B1,B1.07.Tho-Nha_22.jpg,raw_data/B1.07/B1.07.Tho-Nha_22.jpg,0.8609551191329956,KEEP
B1.07,B1,B1.07.Tho-Nha_26.jpg,raw_data/B1.07/B1.07.Tho-Nha_26.jpg,0.8603994250297546,REMOVE
B1.06,B1,B1.06.Geo-Mus_21.jpg,raw_data/B1.06/B1.06.Geo-Mus_21.jpg,0.8602691888809204,KEEP
B1.06,B1,B1.06.Geo-Mus_53.jpg,raw_data/B1.06/B1.06.Geo-Mus_53.jpg,0.8595455884933472,KEEP
B1.06,B1,B1.06.Geo-Mus_64.jpg,raw_data/B1.06/B1.06.Geo-Mus_64.jpg,0.858501136302948,KEEP
B1.06,B1,B1.06.Geo-Mus_60.jpg,raw_data/B1.06/B1.06.Geo-Mus_60.jpg,0.8580809831619263,KEEP
B1.06,B1,B1.06.Geo-Mus_41.jpg,raw_data/B1.06/B1.06.Geo-Mus_41.jpg,0.8546351194381714,KEEP
B1.06,B1,B1.06.Geo-Mus_73.jpg,raw_data/B1.06/B1.06.Geo-Mus_73.jpg,0.8544110059738159,KEEP
B1.10,B1,B1.10.Tur-Lak_60.jpg,raw_data/B1.10/B1.10.Tur-Lak_60.jpg,0.853988528251648,KEEP
B1.07,B1,B1.07.Tho-Nha_23.jpg,raw_data/B1.07/B1.07.Tho-Nha_23.jpg,0.8539448976516724,REMOVE
B1.06,B1,B1.06.Geo-Mus_81.jpg,raw_data/B1.06/B1.06.Geo-Mus_81.jpg,0.8533089756965637,KEEP
B1.25,B1,Old_US_Embassy.jpg,raw_data/HistoricVietnam-OldPics/B1.25/Old_US_Embassy.jpg,0.8508725762367249,REMOVE
B1.07,B1,B1.07.Tho-Nha_97.jpg,raw_data/B1.07/B1.07.Tho-Nha_97.jpg,0.8474612832069397,KEEP
B1.05,B1,B1.05.Uni-Med_107.JPG,raw_data/B1.05/B1.05.Uni-Med_107.JPG,0.8462064266204834,KEEP
B1.17 (need_review),B1,Contemporary_Pre86era_Palacehotelsaigon_018.jpg,raw_data/B1.17 (need_review)/Contemporary_Pre86era_Palacehotelsaigon_018.jpg,0.8443809747695923,KEEP
B1.07,B1,B1.07.Tho-Nha_101.jpg,raw_data/B1.07/B1.07.Tho-Nha_101.jpg,0.8443659543991089,KEEP
B1.07,B1,B1.07.Tho-Nha_99.jpg,raw_data/B1.07/B1.07.Tho-Nha_99.jpg,0.841556966304779,REMOVE
B1.07,B1,B1.07.Tho-Nha_59.jpg,raw_data/B1.07/B1.07.Tho-Nha_59.jpg,0.8415414690971375,REMOVE
B1.10,B1,B1.10.Tur-Lak_85.jpg,raw_data/B1.10/B1.10.Tur-Lak_85.jpg,0.8402952551841736,KEEP
B1.06,B1,B1.06.Geo-Mus_78.jpg,raw_data/B1.06/B1.06.Geo-Mus_78.jpg,0.8393127918243408,KEEP
B1.07,B1,B1.07.Tho-Nha_34.jpg,raw_data/B1.07/B1.07.Tho-Nha_34.jpg,0.8387023210525513,KEEP
B1.06,B1,B1.06.Geo-Mus_88.jpg,raw_data/B1.06/B1.06.Geo-Mus_88.jpg,0.8379799127578735,KEEP
B1.17 (need_review),B1,Contemporary_Pre86era_Palacehotelsaigon_010.jpg,raw_data/B1.17 (need_review)/Contemporary_Pre86era_Palacehotelsaigon_010.jpg,0.8361184597015381,KEEP
B1.06,B1,B1.06.Geo-Mus_56.jpg,raw_data/B1.06/B1.06.Geo-Mus_56.jpg,0.8332300186157227,KEEP
B1.07,B1,B1.07.Tho-Nha_24.jpg,raw_data/B1.07/B1.07.Tho-Nha_24.jpg,0.8329236507415771,KEEP
B1.07,B1,B1.07.Tho-Nha_31.jpg,raw_data/B1.07/B1.07.Tho-Nha_31.jpg,0.8319414258003235,KEEP
B1.17 (need_review),B1,Contemporary_Pre86era_Palacehotelsaigon_012.jpg,raw_data/B1.17 (need_review)/Contemporary_Pre86era_Palacehotelsaigon_012.jpg,0.8315989375114441,KEEP
B1.10,B1,B1.10.Tur-Lak_86.jpg,raw_data/B1.10/B1.10.Tur-Lak_86.jpg,0.8315527439117432,REMOVE
B1.06,B1,B1.06.Geo-Mus_48.jpg,raw_data/B1.06/B1.06.Geo-Mus_48.jpg,0.8305222392082214,KEEP
B1.10,B1,B1.10.Tur-Lak_57.jpg,raw_data/B1.10/B1.10.Tur-Lak_57.jpg,0.8286288976669312,REMOVE
B1.07,B1,B1.07.Tho-Nha_39.jpg,raw_data/B1.07/B1.07.Tho-Nha_39.jpg,0.8283355236053467,KEEP
B1.06,B1,B1.06.Geo-Mus_83.jpg,raw_data/B1.06/B1.06.Geo-Mus_83.jpg,0.8276320695877075,REMOVE
B1.07,B1,bv-2.webp,raw_data/HistoricVietnam-OldPics/B1.07/bv-2.webp,0.8266698122024536,REMOVE
B1.03,B1,B1.03.Gen-Lib_90.JPG,raw_data/B1.03/B1.03.Gen-Lib_90.JPG,0.8252776861190796,KEEP
B1.10,B1,B1.10.Tur-Lak_66.jpg,raw_data/B1.10/B1.10.Tur-Lak_66.jpg,0.824745774269104,KEEP
B1.03,B1,B1.03.Gen-Lib_125.JPG,raw_data/B1.03/B1.03.Gen-Lib_125.JPG,0.8228666186332703,REMOVE
B1.06,B1,B1.06.Geo-Mus_72.jpg,raw_data/B1.06/B1.06.Geo-Mus_72.jpg,0.8219212889671326,KEEP
B1.07,B1,B1.07.Tho-Nha_16.jpg,raw_data/B1.07/B1.07.Tho-Nha_16.jpg,0.8217282295227051,KEEP
B1.05,B1,B1.05.Uni-Med_77.JPG,raw_data/B1.05/B1.05.Uni-Med_77.JPG,0.8207027912139893,KEEP
B1.07,B1,B1.07.Tho-Nha_72.jpg,raw_data/B1.07/B1.07.Tho-Nha_72.jpg,0.8189185857772827,KEEP
B1.06,B1,B1.06.Geo-Mus_17.jpg,raw_data/B1.06/B1.06.Geo-Mus_17.jpg,0.8188881874084473,REMOVE
B1.02,B1,B1.02.TDN-Sch_88.JPG,raw_data/B1.02/B1.02.TDN-Sch_88.JPG,0.8186866044998169,KEEP
B1.07,B1,B1.07.Tho-Nha_38.jpg,raw_data/B1.07/B1.07.Tho-Nha_38.jpg,0.8186651468276978,REMOVE
B1.02,B1,B1.02.TDN-Sch_84.JPG,raw_data/B1.02/B1.02.TDN-Sch_84.JPG,0.8183974623680115,REMOVE
B1.07,B1,B1.07.Tho-Nha_36.jpg,raw_data/B1.07/B1.07.Tho-Nha_36.jpg,0.8162140846252441,KEEP
B1.07,B1,B1.07.Tho-Nha_52.jpg,raw_data/B1.07/B1.07.Tho-Nha_52.jpg,0.8161431550979614,KEEP
B1.04,B1,B1.04.UAH-Uni_333.JPG,raw_data/B1.04/B1.04.UAH-Uni_333.JPG,0.8123840093612671,REMOVE
B1.30.Hang Day Stadium,B1,DSC02257.JPG,raw_data/B1.30.Hang Day Stadium/DSC02257.JPG,0.8076077699661255,REMOVE
B1.07,B1,B1.07.Tho-Nha_93.jpg,raw_data/B1.07/B1.07.Tho-Nha_93.jpg,0.8059946894645691,KEEP
B1.03,B1,B1.03.Gen-Lib_85.JPG,raw_data/B1.03/B1.03.Gen-Lib_85.JPG,0.8058453798294067,REMOVE
B1.03,B1,B1.03.Gen-Lib_22.JPG,raw_data/B1.03/B1.03.Gen-Lib_22.JPG,0.8051266670227051,KEEP
B1.10,B1,B1.10.Tur-Lak_16.jpg,raw_data/B1.10/B1.10.Tur-Lak_16.jpg,0.8043805360794067,KEEP
B1.06,B1,B1.06.Geo-Mus_77.jpg,raw_data/B1.06/B1.06.Geo-Mus_77.jpg,0.8035236597061157,REMOVE
B1.17 (need_review),B1,Contemporary_Pre86era_Palacehotelsaigon_008.jpg,raw_data/B1.17 (need_review)/Contemporary_Pre86era_Palacehotelsaigon_008.jpg,0.8027328252792358,KEEP
B1.10,B1,B1.10.Tur-Lak_61.jpg,raw_data/B1.10/B1.10.Tur-Lak_61.jpg,0.8005712032318115,KEEP
B1.10,B1,B1.10.Tur-Lak_02.jpg,raw_data/B1.10/B1.10.Tur-Lak_02.jpg,0.8005654811859131,REMOVE
B1.07,B1,bv-1.webp,raw_data/HistoricVietnam-OldPics/B1.07/bv-1.webp,0.7996000647544861,REMOVE
B1.04,B1,B1.04.UAH-Uni_335.JPG,raw_data/B1.04/B1.04.UAH-Uni_335.JPG,0.7986489534378052,KEEP
B1.17 (need_review),B1,Contemporary_Pre86era_Palacehotelsaigon_030.jpg,raw_data/B1.17 (need_review)/Contemporary_Pre86era_Palacehotelsaigon_030.jpg,0.7985140085220337,KEEP
B1.06,B1,B1.06.Geo-Mus_13.jpg,raw_data/B1.06/B1.06.Geo-Mus_13.jpg,0.7976439595222473,REMOVE
B1.22,B1,B1.22.SA-Offi_06.JPG,raw_data/B1.22/B1.22.SA-Offi_06.JPG,0.797461211681366,KEEP
B1.03,B1,B1.03.Gen-Lib_102.JPG,raw_data/B1.03/B1.03.Gen-Lib_102.JPG,0.7971875667572021,KEEP
B1.06,B1,B1.06.Geo-Mus_66.jpg,raw_data/B1.06/B1.06.Geo-Mus_66.jpg,0.7966848015785217,KEEP
B1.02,B1,B1.02.TDN-Sch_85.JPG,raw_data/B1.02/B1.02.TDN-Sch_85.JPG,0.7953336238861084,KEEP
B1.03,B1,B1.03.Gen-Lib_89.JPG,raw_data/B1.03/B1.03.Gen-Lib_89.JPG,0.7952971458435059,KEEP
B1.07,B1,B1.07.Tho-Nha_98.jpg,raw_data/B1.07/B1.07.Tho-Nha_98.jpg,0.7936707735061646,KEEP
B1.22,B1,B1.22.SA-Offi_69.JPG,raw_data/B1.22/B1.22.SA-Offi_69.JPG,0.7935900688171387,KEEP
B1.06,B1,B1.06.Geo-Mus_71.jpg,raw_data/B1.06/B1.06.Geo-Mus_71.jpg,0.7920497059822083,KEEP
B2.10,B2,B2.10.War-Mus_54.jpg,raw_data/B2.10/B2.10.War-Mus_54.jpg,1.0067628622055054,REMOVE
B2.10,B2,B2.10.War-Mus_92.jpg,raw_data/B2.10/B2.10.War-Mus_92.jpg,1.00390887260437,REMOVE
B2.10,B2,B2.10.War-Mus_24.jpg,raw_data/B2.10/B2.10.War-Mus_24.jpg,0.9811941981315612,REMOVE
B2.10,B2,B2.10.War-Mus_06.jpg,raw_data/B2.10/B2.10.War-Mus_06.jpg,0.9759826064109802,REMOVE
B2.01,B2,B2.01.Sai-Cen_15.JPG,raw_data/B2.01/B2.01.Sai-Cen_15.JPG,0.9675090312957764,KEEP
B2.10,B2,B2.10.War-Mus_33.jpg,raw_data/B2.10/B2.10.War-Mus_33.jpg,0.9541963338851928,REMOVE
B2.10,B2,B2.10.War-Mus_76.jpg,raw_data/B2.10/B2.10.War-Mus_76.jpg,0.9484067559242249,REMOVE
B2.10,B2,B2.10.War-Mus_70.jpg,raw_data/B2.10/B2.10.War-Mus_70.jpg,0.9361613392829896,REMOVE
B2.01,B2,B2.01.Sai-Cen_23.JPG,raw_data/B2.01/B2.01.Sai-Cen_23.JPG,0.906803011894226,KEEP
B2.03 (need_review),B2,DSC07560.JPG,raw_data/B2.03 (need_review)/DSC07560.JPG,0.8974090218544006,KEEP
B2.01,B2,B2.01.Sai-Cen_38.PNG,raw_data/B2.01/B2.01.Sai-Cen_38.PNG,0.8961955904960632,REMOVE
B2.01,B2,B2.01.Sai-Cen_35.JPG,raw_data/B2.01/B2.01.Sai-Cen_35.JPG,0.894149899482727,KEEP
B2.10,B2,B2.10.War-Mus_38.jpg,raw_data/B2.10/B2.10.War-Mus_38.jpg,0.8915780186653137,REMOVE
B2.10,B2,B2.10.War-Mus_10.jpg,raw_data/B2.10/B2.10.War-Mus_10.jpg,0.8883553147315979,REMOVE
B2.11,B2,B2.11.Mil-Zon7_06.JPG,raw_data/B2.11/B2.11.Mil-Zon7_06.JPG,0.8881890773773193,KEEP
B2.01,B2,B2.01.Sai-Cen_43.JPG,raw_data/B2.01/B2.01.Sai-Cen_43.JPG,0.8836803436279297,KEEP
B2.10,B2,B2.10.War-Mus_18.jpg,raw_data/B2.10/B2.10.War-Mus_18.jpg,0.8818274736404419,REMOVE
B2.10,B2,B2.10.War-Mus_05.jpg,raw_data/B2.10/B2.10.War-Mus_05.jpg,0.8799434304237366,REMOVE
B2.10,B2,B2.10.War-Mus_57.jpg,raw_data/B2.10/B2.10.War-Mus_57.jpg,0.879679799079895,REMOVE
B2.01,B2,B2.01.Sai-Cen_18.JPG,raw_data/B2.01/B2.01.Sai-Cen_18.JPG,0.8795673251152039,REMOVE
B2.10,B2,B2.10.War-Mus_13.jpg,raw_data/B2.10/B2.10.War-Mus_13.jpg,0.8781440258026123,REMOVE
B2.10,B2,B2.10.War-Mus_74.jpg,raw_data/B2.10/B2.10.War-Mus_74.jpg,0.8758134245872498,REMOVE
B2.10,B2,B2.10.War-Mus_62.jpg,raw_data/B2.10/B2.10.War-Mus_62.jpg,0.8753722906112671,REMOVE
B2.10,B2,B2.10.War-Mus_84.jpg,raw_data/B2.10/B2.10.War-Mus_84.jpg,0.8657926321029663,REMOVE
B2.10,B2,B2.10.War-Mus_50.jpg,raw_data/B2.10/B2.10.War-Mus_50.jpg,0.8604496717453003,REMOVE
B2.10,B2,B2.10.War-Mus_90.jpg,raw_data/B2.10/B2.10.War-Mus_90.jpg,0.8595567941665649,REMOVE
B2.10,B2,B2.10.War-Mus_93.jpg,raw_data/B2.10/B2.10.War-Mus_93.jpg,0.8595510721206665,REMOVE
B2.11,B2,B2.11.Mil-Zon7_07.JPG,raw_data/B2.11/B2.11.Mil-Zon7_07.JPG,0.8594353199005127,KEEP
B2.01,B2,B2.01.Sai-Cen_21.JPG,raw_data/B2.01/B2.01.Sai-Cen_21.JPG,0.8528472185134888,KEEP
B2.11,B2,B2.11.Mil-Zon7_24.JPG,raw_data/B2.11/B2.11.Mil-Zon7_24.JPG,0.8528000712394714,KEEP
B2.10,B2,B2.10.War-Mus_96.jpg,raw_data/B2.10/B2.10.War-Mus_96.jpg,0.8526030778884888,REMOVE
B2.10,B2,B2.10.War-Mus_11.jpg,raw_data/B2.10/B2.10.War-Mus_11.jpg,0.8494659662246704,REMOVE
B2.10,B2,B2.10.War-Mus_72.jpg,raw_data/B2.10/B2.10.War-Mus_72.jpg,0.8486685156822205,REMOVE
B2.10,B2,B2.10.War-Mus_58.jpg,raw_data/B2.10/B2.10.War-Mus_58.jpg,0.8485854864120483,REMOVE
B2.10,B2,B2.10.War-Mus_26.jpg,raw_data/B2.10/B2.10.War-Mus_26.jpg,0.846563458442688,REMOVE
B2.10,B2,B2.10.War-Mus_25.jpg,raw_data/B2.10/B2.10.War-Mus_25.jpg,0.8440850973129272,REMOVE
B2.01,B2,B2.01.Sai-Cen_64.JPG,raw_data/B2.01/B2.01.Sai-Cen_64.JPG,0.8421568870544434,REMOVE
B2.10,B2,B2.10.War-Mus_52.jpg,raw_data/B2.10/B2.10.War-Mus_52.jpg,0.841133713722229,REMOVE
B2.10,B2,B2.10.War-Mus_45.jpg,raw_data/B2.10/B2.10.War-Mus_45.jpg,0.8406906127929688,REMOVE
B2.10,B2,B2.10.War-Mus_65.jpg,raw_data/B2.10/B2.10.War-Mus_65.jpg,0.8405163288116455,REMOVE
B2.11,B2,B2.11.Mil-Zon7_67.JPG,raw_data/B2.11/B2.11.Mil-Zon7_67.JPG,0.8400477170944214,KEEP
B2.10,B2,B2.10.War-Mus_73.jpg,raw_data/B2.10/B2.10.War-Mus_73.jpg,0.839098334312439,REMOVE
B2.10,B2,B2.10.War-Mus_97.jpg,raw_data/B2.10/B2.10.War-Mus_97.jpg,0.8389064073562622,REMOVE
B2.11,B2,B2.11.Mil-Zon7_64.JPG,raw_data/B2.11/B2.11.Mil-Zon7_64.JPG,0.8388928771018982,KEEP
B2.11,B2,B2.11.Mil-Zon7_66.JPG,raw_data/B2.11/B2.11.Mil-Zon7_66.JPG,0.8369330763816833,KEEP
B2.10,B2,B2.10.War-Mus_22.jpg,raw_data/B2.10/B2.10.War-Mus_22.jpg,0.8342825174331665,REMOVE
B2.10,B2,B2.10.War-Mus_94.jpg,raw_data/B2.10/B2.10.War-Mus_94.jpg,0.8340084552764893,REMOVE
B2.01,B2,B2.01.Sai-Cen_72.JPG,raw_data/B2.01/B2.01.Sai-Cen_72.JPG,0.8337047100067139,REMOVE
B2.11,B2,B2.11.Mil-Zon7_61.JPG,raw_data/B2.11/B2.11.Mil-Zon7_61.JPG,0.8321493268013,KEEP
B2.10,B2,B2.10.War-Mus_56.jpg,raw_data/B2.10/B2.10.War-Mus_56.jpg,0.8318076133728027,REMOVE
B2.10,B2,B2.10.War-Mus_69.jpg,raw_data/B2.10/B2.10.War-Mus_69.jpg,0.831800103187561,REMOVE
B2.07 (need_review),B2,DSC03323.JPG,raw_data/B2.07 (need_review)/DSC03323.JPG,0.8317984342575073,REMOVE
B2.11,B2,B2.11.Mil-Zon7_60.JPG,raw_data/B2.11/B2.11.Mil-Zon7_60.JPG,0.8316940665245056,KEEP
B2.11,B2,B2.11.Mil-Zon7_05.JPG,raw_data/B2.11/B2.11.Mil-Zon7_05.JPG,0.831233561038971,KEEP
B2.10,B2,B2.10.War-Mus_60.jpg,raw_data/B2.10/B2.10.War-Mus_60.jpg,0.8304668664932251,REMOVE
B2.11,B2,B2.11.Mil-Zon7_20.JPG,raw_data/B2.11/B2.11.Mil-Zon7_20.JPG,0.8295581340789795,KEEP
B2.01,B2,B2.01.Sai-Cen_13.JPG,raw_data/B2.01/B2.01.Sai-Cen_13.JPG,0.8292951583862305,KEEP
B2.10,B2,B2.10.War-Mus_81.jpg,raw_data/B2.10/B2.10.War-Mus_81.jpg,0.8291010856628418,REMOVE
B2.03 (need_review),B2,DSC07567.JPG,raw_data/B2.03 (need_review)/DSC07567.JPG,0.8284784555435181,REMOVE
B2.10,B2,B2.10.War-Mus_40.jpg,raw_data/B2.10/B2.10.War-Mus_40.jpg,0.8266948461532593,REMOVE
B2.11,B2,B2.11.Mil-Zon7_28.JPG,raw_data/B2.11/B2.11.Mil-Zon7_28.JPG,0.8265018463134766,KEEP
B2.10,B2,B2.10.War-Mus_47.jpg,raw_data/B2.10/B2.10.War-Mus_47.jpg,0.8262177109718323,REMOVE
B2.10,B2,B2.10.War-Mus_108.jpg,raw_data/B2.10/B2.10.War-Mus_108.jpg,0.8257803916931152,REMOVE
B2.10,B2,B2.10.War-Mus_14.jpg,raw_data/B2.10/B2.10.War-Mus_14.jpg,0.8245348334312439,REMOVE
B2.11,B2,B2.11.Mil-Zon7_29.JPG,raw_data/B2.11/B2.11.Mil-Zon7_29.JPG,0.8239949345588684,KEEP
B2.10,B2,B2.10.War-Mus_35.jpg,raw_data/B2.10/B2.10.War-Mus_35.jpg,0.8236232995986938,REMOVE
B2.01,B2,B2.01.Sai-Cen_46.JPG,raw_data/B2.01/B2.01.Sai-Cen_46.JPG,0.8233157396316528,REMOVE
B2.10,B2,B2.10.War-Mus_104.jpg,raw_data/B2.10/B2.10.War-Mus_104.jpg,0.8230230808258057,REMOVE
B2.01,B2,B2.01.Sai-Cen_39.JPG,raw_data/B2.01/B2.01.Sai-Cen_39.JPG,0.8228419423103333,KEEP
B2.10,B2,B2.10.War-Mus_88.jpg,raw_data/B2.10/B2.10.War-Mus_88.jpg,0.8216650485992432,REMOVE
B2.10,B2,B2.10.War-Mus_21.jpg,raw_data/B2.10/B2.10.War-Mus_21.jpg,0.8214038610458374,REMOVE
B2.10,B2,B2.10.War-Mus_48.jpg,raw_data/B2.10/B2.10.War-Mus_48.jpg,0.8206847906112671,REMOVE
B2.11,B2,B2.11.Mil-Zon7_70.JPG,raw_data/B2.11/B2.11.Mil-Zon7_70.JPG,0.8206212520599365,KEEP
B2.10,B2,B2.10.War-Mus_75.jpg,raw_data/B2.10/B2.10.War-Mus_75.jpg,0.8201112151145935,REMOVE
B2.10,B2,B2.10.War-Mus_61.jpg,raw_data/B2.10/B2.10.War-Mus_61.jpg,0.819869339466095,REMOVE
B2.03 (need_review),B2,DSC07535.JPG,raw_data/B2.03 (need_review)/DSC07535.JPG,0.8189518451690674,REMOVE
B2.10,B2,B2.10.War-Mus_102.jpg,raw_data/B2.10/B2.10.War-Mus_102.jpg,0.8186495900154114,REMOVE
B2.11,B2,B2.11.Mil-Zon7_68.JPG,raw_data/B2.11/B2.11.Mil-Zon7_68.JPG,0.8184077143669128,KEEP
B2.10,B2,B2.10.War-Mus_23.jpg,raw_data/B2.10/B2.10.War-Mus_23.jpg,0.8178903460502625,REMOVE
B2.01,B2,B2.01.Sai-Cen_82.JPG,raw_data/B2.01/B2.01.Sai-Cen_82.JPG,0.8171991109848022,KEEP
B2.11,B2,B2.11.Mil-Zon7_62.JPG,raw_data/B2.11/B2.11.Mil-Zon7_62.JPG,0.8161311149597168,KEEP
B2.10,B2,B2.10.War-Mus_03.jpg,raw_data/B2.10/B2.10.War-Mus_03.jpg,0.8159485459327698,REMOVE
B2.10,B2,B2.10.War-Mus_46.jpg,raw_data/B2.10/B2.10.War-Mus_46.jpg,0.8155051469802856,REMOVE
B2.10,B2,B2.10.War-Mus_87.jpg,raw_data/B2.10/B2.10.War-Mus_87.jpg,0.8122750520706177,REMOVE
B2.10,B2,B2.10.War-Mus_106.jpg,raw_data/B2.10/B2.10.War-Mus_106.jpg,0.8116831183433533,REMOVE
B2.10,B2,B2.10.War-Mus_107.jpg,raw_data/B2.10/B2.10.War-Mus_107.jpg,0.8111297488212585,REMOVE
B2.10,B2,B2.10.War-Mus_67.jpg,raw_data/B2.10/B2.10.War-Mus_67.jpg,0.8110473155975342,REMOVE
B2.11,B2,B2.11.Mil-Zon7_76.JPG,raw_data/B2.11/B2.11.Mil-Zon7_76.JPG,0.8107161521911621,KEEP
B2.03 (need_review),B2,DSC07557.JPG,raw_data/B2.03 (need_review)/DSC07557.JPG,0.8105218410491943,REMOVE
B2.10,B2,B2.10.War-Mus_59.jpg,raw_data/B2.10/B2.10.War-Mus_59.jpg,0.8102867007255554,REMOVE
B2.10,B2,B2.10.War-Mus_79.jpg,raw_data/B2.10/B2.10.War-Mus_79.jpg,0.810125470161438,REMOVE
B2.12,B2,B2.12.SW-Mus_19.JPG,raw_data/B2.12/B2.12.SW-Mus_19.JPG,0.8100461363792419,KEEP
B2.11,B2,B2.11.Mil-Zon7_34.JPG,raw_data/B2.11/B2.11.Mil-Zon7_34.JPG,0.8098299503326416,KEEP
B2.10,B2,B2.10.War-Mus_30.jpg,raw_data/B2.10/B2.10.War-Mus_30.jpg,0.809309720993042,REMOVE
B2.03 (need_review),B2,DSC07556.JPG,raw_data/B2.03 (need_review)/DSC07556.JPG,0.8083710074424744,REMOVE
B2.10,B2,B2.10.War-Mus_89.jpg,raw_data/B2.10/B2.10.War-Mus_89.jpg,0.8063486814498901,REMOVE
B2.11,B2,B2.11.Mil-Zon7_74.JPG,raw_data/B2.11/B2.11.Mil-Zon7_74.JPG,0.8058412075042725,KEEP
B2.10,B2,B2.10.War-Mus_78.jpg,raw_data/B2.10/B2.10.War-Mus_78.jpg,0.8048210144042969,REMOVE
B2.11,B2,B2.11.Mil-Zon7_37.JPG,raw_data/B2.11/B2.11.Mil-Zon7_37.JPG,0.803644597530365,KEEP
B2.10,B2,B2.10.War-Mus_49.jpg,raw_data/B2.10/B2.10.War-Mus_49.jpg,0.8024820685386658,REMOVE
Other-Modernism,B2,DSC08880.JPG,raw_data/Other-Modernism/DSC08880.JPG,0.8014693260192871,KEEP
B2.10,B2,B2.10.War-Mus_28.jpg,raw_data/B2.10/B2.10.War-Mus_28.jpg,0.8000649213790894,REMOVE
B2.03 (need_review),B2,DSC07511.JPG,raw_data/B2.03 (need_review)/DSC07511.JPG,0.8000268340110779,REMOVE
B2.10,B2,B2.10.War-Mus_64.jpg,raw_data/B2.10/B2.10.War-Mus_64.jpg,0.799220085144043,REMOVE
B2.03 (need_review),B2,DSC07558.JPG,raw_data/B2.03 (need_review)/DSC07558.JPG,0.7989751100540161,KEEP
B2.10,B2,B2.10.War-Mus_86.jpg,raw_data/B2.10/B2.10.War-Mus_86.jpg,0.7987557053565979,REMOVE
B2.11,B2,B2.11.Mil-Zon7_65.JPG,raw_data/B2.11/B2.11.Mil-Zon7_65.JPG,0.798484206199646,KEEP
B2.11,B2,B2.11.Mil-Zon7_32.JPG,raw_data/B2.11/B2.11.Mil-Zon7_32.JPG,0.7983310222625732,KEEP
B2.10,B2,B2.10.War-Mus_100.jpg,raw_data/B2.10/B2.10.War-Mus_100.jpg,0.7979990839958191,REMOVE
B2.03 (need_review),B2,DSC07559.JPG,raw_data/B2.03 (need_review)/DSC07559.JPG,0.796617865562439,REMOVE
B2.10,B2,B2.10.War-Mus_77.jpg,raw_data/B2.10/B2.10.War-Mus_77.jpg,0.7965270280838013,REMOVE
B2.03 (need_review),B2,DSC07568.JPG,raw_data/B2.03 (need_review)/DSC07568.JPG,0.7961075305938721,REMOVE
B2.10,B2,B2.10.War-Mus_85.jpg,raw_data/B2.10/B2.10.War-Mus_85.jpg,0.7959152460098267,REMOVE
B2.01,B2,B2.01.Sai-Cen_48.JPG,raw_data/B2.01/B2.01.Sai-Cen_48.JPG,0.7958306074142456,REMOVE
Other-Modernism,B2,DSC08879.JPG,raw_data/Other-Modernism/DSC08879.JPG,0.7956234216690063,KEEP
B2.11,B2,B2.11.Mil-Zon7_08.JPG,raw_data/B2.11/B2.11.Mil-Zon7_08.JPG,0.7955284118652344,KEEP
B2.10,B2,B2.10.War-Mus_53.jpg,raw_data/B2.10/B2.10.War-Mus_53.jpg,0.7929149866104126,REMOVE
B2.11,B2,B2.11.Mil-Zon7_21.JPG,raw_data/B2.11/B2.11.Mil-Zon7_21.JPG,0.7924627065658569,KEEP
B2.10,B2,B2.10.War-Mus_82.jpg,raw_data/B2.10/B2.10.War-Mus_82.jpg,0.7918019890785217,REMOVE
B2.11,B2,B2.11.Mil-Zon7_77.JPG,raw_data/B2.11/B2.11.Mil-Zon7_77.JPG,0.7917680740356445,KEEP
